99,7158,"קרבוטק בע""מ- חסום**** במזומן בלבד"
99,7453,"ח.ר עדן לבניין ופיתוח בע""מ*"
99,7579,בדרן זחלאקה*
99,7873,"אהרונסי עבודות עפר ופיתוח בע""מ*"
99,7896,"א.נ נידם הנדסה בע""מ*"
99,7944,"ב.ע לבניין בע""מ*"
99,7993,אליאס פרנסיס
99,8012,"ס.א.ן 26 ביצוע בע""מ*"
99,8019,סמיר הנדי
99,8020,"בוצ'ן ביוב ועבודות אחזקה בע""מ*"
99,8021,"מטוסביץ ייזום ובנייה בע""מ*"
99,8026,"א. וייס בניה ופיקוח בע""מ*"
99,8049,"ק.ס.מ.ג. קבלנים לעבודות תשתית ופיתוח בע""מ*"
99,8053,רחמים אהרון*
99,8069,"רוקח יוסף מוצרי מלט בע""מ*"
99,8072,"קבין פול בע""מ*"
99,8090,ח.י.ח השקעות ובנייה* - אור ים
99,8094,"בזלת נחושתן בע""מ*"
99,8127,אנקאוה יצחק*
99,8215,שלומי עדן ת.ז 200928521
99,8237,"דן א.ל.ע.ד בניה בע""מ*"
99,8270,קעואר חלים*
99,8273,"אמירים תעשיות אלומיניום בע""מ - יעקב עזיזי*"
99,8311,זאיט חאלד
99,8322,"מתקאל לעבודות בנייה בע""מ*"
99,8342,שי ביטון (מאיר ביטון)*
99,8343,"ליאן אחזקות ניהול תכנון וביצוע פרוייקטים בע""מ"
99,8347,"מוסך דיזל חדרה בע""מ*"
99,8348,בן לבל - קיסריה*
99,8356,יפת ליאור*
99,8357,כהן חנה*
99,8362,מוחמד עמאש ת.ז 206792780
99,8370,רז גבריאל*
99,8379,"רם ספיידר טולס בע""מ*"
99,8384,ח.י.ח השקעות ובנייה* - זכרון יעקב****לא להפיק
99,8385,ח.י.ח השקעות ובנייה* - פרדס חנה הגדנע
99,8391,"צח. ל עבודות בנייה ופיתוח בע""מ"
99,8399,"ח.י.ח השקעות ובנייה* - מעלה הכרמל, זכרון יעקב"
99,8401,רינו צרור*
99,8403,"עמאד חלבי בע""מ*"
99,8405,"דהן סולנום בע""מ"
99,8414,קור נטו
99,8417,מרדכי בן עמי
99,8418,נעם בן עמי (מרדכי 8417)
99,8419,דנה בן עמי (מרדכי 8417)
99,8420,עמיר וייסמן*
99,8421,"אורקו תעשיות בע""מ"
99,8426,כהן קובי וספיר
99,8427,כהן לוטן ומלכה
99,8428,מואדב נאור*
99,8429,קליימן אלברט קידוחי קרקע*
99,8430,ליאת אשל עזר*
99,8433,דהן שגיב
99,8440,מינקוביץ עדי ובן גיאת אבנר*
99,8442,נשאת בישר
99,8446,סאהר שורוש*
99,8454,"א. הנפלד מפעל מתכת בע""מ*"
100,1999,לקוחות שונים
100,7040,סופרדיל-כללי*
100,7083,"טר ארמה בע""מ*"
100,7123,"דרך חדשה לתנועה בע""מ*"
100,7145,"אחים סרהנגי בע""מ*"
100,7177,"בני גרידיש קבלנות בניין בע""מ* - כללי"
100,7274,"ב.ר אטיאה חברה לבניין בע""מ* - דיזינגוף נתניה"
100,7314,מיכל טיסר* (וילאר)
100,7457,"זברקו חברה לבנין והשקעות בע""מ - חדרה*"
100,7473,"מודולר אקספרס בע""מ*"
100,7541,"בראל א.ב. הנדסה ובנייה בע""מ* - חריש"
100,7544,"זברקו חברה לבניין והשקעות בע""מ- מגרש 2008 ג.אולגה*"
100,7555,"בר-אל 27 תעשיות בע""מ*"
100,7565,"סלים לברזל והשקעות בע""מ*"
100,7566,"י.מ פרז חברה לבניין בע""מ -עזרא הסופר 5-7 הרצליה"
100,7567,"י.מ פרז חברה לבניין בע""מ -עזרא הסופר 9-11 הרצליה*"
100,7569,"איטונג ריצופים בע""מ*"
100,7574,"י.מ פרז חברה לבניין בע""מ - הדר 46-48*"
100,7615,"שיכון ובינוי - סולל בונה - תשתיות בע""מ - ראש העין"
100,7640,"לאטי ייזום ובניה בע""מ*"
100,7642,"י.מ פרז חברה לבניין בע""מ- אריאל 5, הרצליה*"
100,7650,"עץ השקד הנדסה בע""מ - חדרה"
100,7663,"א.ליפמן עבודות בנין ופיתוח בע""מ*"
100,7668,"חברת חשמל לישראל בע""מ"
100,7726,"אלבז חומרי בנין י.ד בע""מ*"
100,7734,"ע.ק.ן בניה ופיתוח בע""מ*"
100,7751,"רדימיקס מוצרי בטון (ישראל) בע""מ*"
100,7753,"בראל א.ב הנדסה ובניה בע""מ - משכנות הכרם- עכו*"
100,7784,"אנרג'י פרוייקטים בע""מ - אור עקיבא*"
100,7786,"אנרג'י פרוייקטים בע""מ - אבן יהודה*"
100,7816,"ע.ס בת עמי בע""מ*"
100,7819,"חי דולב החזקות בע""מ*"
100,7820,"רופל חברה לבניין בע""מ - מצפה 7*"
100,7828,"וילאר אינטרנשיונל בע""מ - קיסריה*"
100,7842,"ברטון יזמות ובניה בע""מ"
100,7846,"שיכון ובינוי - סולל בונה - תשתיות בע""מ - אור ים"
100,7849,"שי חי יזמות והשקעות בע""מ - פרדס חנה"
100,7860,"פלדה בעמק בע""מ*"
100,7867,"זברקו חברה לבניין והשקעות בע""מ- מגרש 2014 ג.אולגה*"
100,7881,"אביאלי-טיג (2008) בע""מ 2018*"
100,7894,"בראל א.ב. הנדסה ובנייה בע""מ - נהריה א'*"
100,7897,"פדלון לבניה והשקעות בע""מ*"
100,7914,"אודור בניה בע""מ*"
100,7916,"בראל א.ב. הנדסה ובנייה בע""מ - נהריה ב'*"
100,7922,"סטריים ליין אם. דבלי יו בע""מ"
100,7923,"מ.א מימד מתכות 2010 בע""מ*"
100,7924,"שי חי יזמות והשקעות בע""מ - קיסריה"
100,7939,"רמי שבירו הנדסה בניה והשקעות בע""מ"
100,7943,"זברקו חברה לבנין והשקעות בע""מ- גבעת אולגה*"
100,7947,"שי חי יזמות והשקעות בע""מ - אוסטרייכר"
100,7954,"שיכון ובינוי סולל בונה תשתיות בע""מ - מסילה מזרחית"
100,7971,"דניה סיבוס בע""מ - ביג גלילות"
100,7976,"אבן דרך הנדסה ופיתוח בע""מ* - קיסריה"
100,8004,"בראל א.ב הנדסה ובנייה בע""מ - מגרש 404 ק.מוצקין*"
100,8006,"בראל א.ב הנדסה ובניה בע""מ* - גבעת זמר"
100,8008,"גשמי חיים בע""מ*"
100,8013,"בראל א.ב הנדסה ובניה בע""מ - עסקה 5*"
100,8015,"ביתנית בע""מ*"
100,8027,"סופרדיל אדיב בע""מ*"
100,8063,"גאו דניה בע""מ - אלוני ים הרצליה"
100,8066,"רמי שבירו הנדסה בניה והשקעות בע""מ - מסחרי נתניה"
100,8073,"לוינשטיין נכסים בע""מ- אתר כפר סבא*"
100,8080,"י.מ פרז חברה לבנין בע""מ - בראשית 7 רמת השרון*"
100,8081,"ס.א.ן 26 אחזקות בע""מ*"
100,8093,"אופק שלי בניה ופיתוח בע""מ* - בית האקדמיה נתניה"
100,8098,"התחדשות עירונית קק""ל 14 גבעתיים בע""מ*"
100,8104,"א.לופו ביצוע ופיקוח פרויקטים בע""מ*"
100,8114,"י.מ פרז חברה לבניין בע""מ - הדר 40*"
100,8120,"א.שדה פרויקטים בע""מ - בני ברק"
100,8121,"אבן דרך הנדסה ופיתוח בע""מ - חיפה*"
100,8123,"א.שדה פרויקטים בע""מ - ביג אור עקיבא"
100,8125,צ'יינה סטייט קונסטרקשן אינג'נירינג קורפוריישן*
100,8135,"רמי שבירו הנדסה בניה והשקעות בע""מ - הוד השרון"
100,8139,"רמי שבירו הנדסה בניה והשקעות בע""מ - רעננה"
100,8140,"אלמוג ב.ז. בניה והשקעות בע""מ* - לא להפיקקקקקקקקקקק"
100,8143,"רמי שבירו הנדסה בניה והשקעות בע""מ - ראש העין"
100,8148,"י.מ פרז חברה לבנין בע""מ* -סמטת הנגינה 10 רמת השרון"
100,8154,"עץ השקד הנדסה בע""מ - יובלים נתניה"
100,8158,"א.לופו יזמות פיקוח ובנייה בע""מ*"
100,8159,"אופק שלי בניה ופיתוח בע""מ* - נאות מטעים תל מונד"
100,8160,"אחים כ.י השקעות בנדל""ן בע""מ*"
100,8204,"גאו דניה בע""מ - מת""מ חיפה"
100,8207,"רמי שבירו הנדסה בניה והשקעות בע""מ - ראשל""צ"
100,8209,"שיכון בינוי סולל בונה תשתיות בע""מ - צוקי השמורה"
100,8212,"אופק שלי בניה ופיתוח בע""מ* - פרויקט אושירה"
100,8220,"אבן דרך הנדסה ופיתוח בע""מ-תחנת רכבת לוד*"
100,8221,"דניה סיבוס בע""מ - אתר רכבת חדרה"
100,8231,"רמי שבירו הנדסה ובניה בע""מ - גני תקווה"
100,8238,"שיכון בינוי סולל בונה תשתיות בע""מ - נוריות ראשל""צ"
100,8241,"דניה סיבוס בע""מ - חניון שפיים"
100,8249,"שיכון בינוי סולל בונה תשתיות בע""מ-חלומות גן אשל""צ"
100,8251,"א.שדה פרויקטים בע""מ- ביונקס חיפה*"
100,8252,"משולם לוינשטין הנדסה וקבלנות בע""מ - אתר כפר סבא"
100,8255,"אופק שלי בניה ופיתוח בע""מ- עסקה 7"
100,8257,"בראל א.ב הנדסה ובניה בע""מ* - קרית ביאליק"
100,8258,"אלמוג ב.ז בניה והשקעות בע""מ - פרדסיה*"
100,8260,"אופק שלי בניה ופיתוח בע""מ* - נווה שמיר בית שמש"
100,8263,"א.שדה פרויקטים בע""מ - מרלוג רם און*"
100,8278,"רמי שבירו וחן ואיתי גינדי בע""מ"
100,8279,"משולם לוינשטיין הנדסה וקבלנות בע""מ*- אתר תל אביב"
100,8282,"זברקו חברה לבניין והשקעות בע""מ*- מגרש 2003"
100,8285,"אופק שלי בניה ופיתוח בע""מ* - מבשרת"
100,8286,"י.ד ברזאני בע""מ*"
100,8287,"אופק שלי בניה ופיתוח בע""מ- עסקה 8"
100,8290,"אופק שלי בניה ופיתוח בע""מ* - ירושלים"
100,8291,"מ.ד אדר בנייה בע""מ*"
100,8292,"א.ו.י.ר מרכז רפואי בע""מ*"
100,8293,"אנרג'י פרוייקטים בע""מ* - רחובות"
100,8296,"גאו דניה בע""מ - ביג פתח תקווה"
100,8297,"דניאל דהן קבלן בניין בע""מ*"
100,8300,"י.מ פרז חברה לבנין בע""מ - עסקה*"
100,8309,"רמי שבירו הנדסה בניה והשקעות בע""מ - אשדוד"
100,8310,"פנינה בגליל שותפות בע""מ"
100,8312,"אופק שלי בניה ופיתוח בע""מ- עסקה 9"
100,8313,"שי חי יזמות והשקעות בע""מ - קרית ים"
100,8317,"אבן דרך הנדסה ופיתוח בע""מ - כביש 22*"
100,8321,"רופל חברה לבניין בע""מ - חנה סנש*"
100,8327,"ב.ר אטיאה חברה לבניין בע""מ - רש""י 55*"
100,8328,"ב.ר אטיאה חברה לבניין בע""מ* - טשרנחובסקי נתניה"
100,8329,"ב.ר אטיאה חברה לבניין בע""מ - כפר יונה*"
100,8331,"שי חי יזמות והשקעות בע""מ -קוטג' ברחוב הנשיא כרכור"
100,8332,"א.שדה פרויקטים בע""מ - פרוייקט גולף קיסריה"
100,8334,"אופק שלי בניה ופיתוח בע""מ- עסקה 10"
100,8338,"עץ השקד הנדסה בע""מ - פרוייקט 1001"
100,8339,"שיכון ובינוי סולל בונה פיתוח וכבישים בע""מ- ריינה"
100,8344,"דניה סיבוס בע""מ - החזון 49 רמלה"
100,8349,"דניה סיבוס בע""מ - צמרות המרינה הרצליה"
100,8350,"דניה סיבוס בע""מ - עדי ואלון"
100,8351,"אבן דרך הנדסה ופיתוח בע""מ* - קרית אתא"
100,8352,"איטונג בע""מ*"
100,8353,אבי כחלון*
100,8354,"עץ השקד הנדסה בע""מ - מגרש 1014 נתניה"
100,8355,"אופק שלי בניה ופיתוח בע""מ* - JTLV בית שמש"
100,8358,"י.מ פרז חברה לבניין בע""מ* - הנדיב 51 הרצליה"
100,8361,"דניה סיבוס בע""מ - אתר ווסטהוד הוד השרון"
100,8363,"גאו דניה בע""מ - גב ים חיפה"
100,8364,"גאו דניה בע""מ - יבנה"
100,8365,"ליפמן ביריחו בע""מ*"
100,8367,"א.י נבו בנתניה חברה קבלנית לבנין בע""מ*"
100,8368,"סבוי ביצוע פרויקטים וסחר בע""מ*"
100,8369,"עץ השקד הנדסה בע""מ - רכסים"
100,8371,"גאו דניה בע""מ - מגרש 1409 נתניה"
100,8372,"עפרים בחם עפר תשתיות ופיתוח בע""מ*"
100,8373,"אלמוג ב.ז. בניה והשקעות בע""מ* - אור ים שלב ב'"
100,8375,"דניה סיבוס בע""מ - קרית אונו"
100,8376,"דניה סלע בע""מ"
100,8378,"שי חי יזמות והשקעות בע""מ - חולון"
100,8380,"דניה סיבוס בע""מ - פתח תקווה"
100,8381,"פדלון שפונדר ביצוע בע""מ*"
100,8382,"רמי שבירו הנדסה בניה והשקעות בע""מ - חיפה"
100,8383,"בראל א.ב. הנדסה ובנייה בע""מ* - נוף הגליל"
100,8386,"י.מ פרז חברה לבניין בע""מ* - אריאל 7, הרצליה"
100,8387,"אלמוג ב.ז. בניה והשקעות בע""מ - רחובות*"
100,8390,"אחים אמר בע""מ"
100,8393,"אבן דרך הנדסה ופיתוח בע""מ* - כביש 65"
100,8394,"ש.י יקנעם השקעות וניהול בע""מ"
100,8395,"שיכון ובינוי סולל בונה פיתוח וכבישים בע""מ-אתא דרום"
100,8396,"עץ השקד הנדסה בע""מ - לוד"
100,8397,מגדלי איתן לבנייה והשקעות בע''מ*
100,8398,"פולדמיר בע""מ*"
100,8400,"קידר מבנים בע""מ*"
100,8402,"מגלן ש.ר. ניהול וביצוע פרויקטים בע""מ"
100,8404,"בראל א.ב. הנדסה ובנייה בע""מ* - עתלית"
100,8407,"שיכון בינוי סולל בונה תשתיות בע""מ - יקנעם אלביט"
100,8408,"אופק שלי בניה ופיתוח בע""מ- עסקה 11"
100,8409,"ויקטוקור טכנולוגיות בע""מ*"
100,8410,"שי חי יזמות והשקעות בע""מ-קיסריה שכ 13 רחוב הכוכבים"
100,8411,"פדלון שפונדר ביצוע בע""מ - הגלריה גן גג אבן יהודה*"
100,8412,"גאו דניה בע""מ - בבלי 3 הרב ניסים 5 ת""א"
100,8415,"אופק שלי בניה ופיתוח בע""מ - סגוררררררררררר"
100,8416,"דביר פלדות בע""מ*"
100,8423,"מלודי פלדה בע""מ*"
100,8424,"וילאר איטרנשיונל בע""מ* - אתר כרמיאל"
100,8425,"רמי שבירו הנדסה בניה והשקעות בע""מ - קניון אגמים"
100,8431,"עמית טלמון חברה לבניין בע""מ* - ראשונים 22, רמת גן"
100,8434,"אור יצירה במימד אחר בע""מ"
100,8435,"רופל חברה לבניין בע""מ* - יכין 9"
100,8436,"בראל א.ב הנדסה ובניה בע""מ* - בוסטון ראשל""צ"
100,8437,"דניה סיבוס בע""מ - מסילה רביעית"
100,8438,"עמית טלמון חברה לבניין בע""מ* - יונה הנביא 38, ת""א"
100,8439,"רמי שבירו הנדסה בניה והשקעות בע""מ - רמת גן"
100,8441,"אופק שלי בניה ופיתוח בע""מ* - קרית ענבים"
100,8443,"קה""ת תשתיות ומערכות בע""מ*"
100,8444,"עמית טלמון חברה לבניין בע""מ* - אבנר 33, ת""א"
100,8445,"עמית טלמון חברה לבניין בע""מ* - הזורע 48 כפר שמריהו"
100,8447,"עמית טלמון חברה לבניין בע""מ* - הנביאים 5 רחובות"
100,8448,"בראל א.ב הנדסה ובנייה בע""מ* - כרמים"
100,8449,"אופק שלי בניה ופיתוח בע""מ* - יפו"
100,8450,"עמית טלמון חברה לבניין בע""מ* - בורוכוב 70 רעננה"
100,8451,"גאו דניה בע""מ - כפר יונה"
100,8452,"קידר פרויקטים (ט.י) בע""מ*"
100,8453,"עץ השקד הנדסה בע""מ - עין הים"
101,1998,חובות מסופקים ממאזן 2014
101,7002,"כ.ס.מ הנדסה ובניין בע""מ- פרוייקט כפר סבא\80   לא פ"
101,7003,"כ.ס.מ הנדסה ובניין בע""מ-צור יגאל"
101,7004,"א.א. איכות חברה לבניין בע""מ -קסריה שכ 12"
101,7020,"מ.ג.א.ד. ניהול והשקעות בע""מ &-פתח תקוה -לא פעיל"
101,7025,"דרווין נכסים והשקעות בע""מ"
101,7031,"טופ 10 יזום ובניה בע""מ -לא פעיל"
101,7035,"מ.ג.א.ד. בניין והשקעות בע""מ-אשדוד"
101,7069,"כ.ס.ם הנדסה ובניין בע""מ-טייבה חסום"
101,7076,"גיה בנייה ופיתוח בע""מ א""ע בניין B ""טופ דיזיין"""
101,7078,"עזמי מסיס לבנייה והשקעות בע""מ ו/או עזמי מסיס"
101,7079,"צאלי ייזום והשקעות בע""מ"
101,7087,"יעקב אליהו חברה לבניין בע""מ  לא פעיל"
101,7092,"מגורי מודיעין בע""מ- אתר קדימה"
101,7095,אמיר שחאדה לבניין ופיתוח
101,7104,י.פ. לבניין (יוסף פאחורי)
101,7116,"אסיל חברה לבניין ופיתוח בע""מ"
101,7125,"מגורי מודיעין  בע""מ - הרצליה"
101,7147,"רמט בע""מ  - אתר עין שמר"
101,7152,"גיה בנייה ופיתוח בע""מ - אתר אולגה ""אקווה פמילי"""
101,7167,"צאלי יזום והשקעות בע""מ -  אתר החשמונאים"
101,7174,"מ.ג.א.ד בניין  והשקעות בע""מ- אתר חולון"
101,7175,"ר. אליאס עבודות מתכת  בע""מ* חסום יש חריגה בתנאי תש"
101,7190,"גיה בניה ופיתוח בע""מ - אתר אחד העם ^^^לא פעיל^^^"
101,7233,"טופ 10 יזום ובניה בע""מ - פרנק חדרה"
101,7242,"תאופיק אסתיתה בע""מ"
101,7245,"רוומר 1997 בע""מ אתר שד' וושינגטון 18**חסום**"
101,7252,"מ.ל מעוף הבנייה בע""מ נחלת בנימין 139"
101,7254,שחר שמר בניה וניהול נכסים
101,7257,"רוומר 1997 בע""מ אתר רמת אביב רח' אישה 9"
101,7261,"מ.ל מעוף הבנייה בע""מ הקישון 50"
101,7262,"מ.ל מעוף הבנייה בע""מ הירקון 6"
101,7265,"אגדים הנדסה ובנייה בע""מ - אגדים בעמק"
101,7269,"מ.ג.א.ד. בניין והשקעות בע""מ -פתח תקוה"
101,7275,נאסר אלדין סעיד 2006 -אתר חיפה - חביבה רייך
101,7278,נאסר אלדין סעיד 2006 פסגות אלון - טירת הכרמל
101,7279,נאסר אלדין סעיד 2006 גלי כרמל - טירת הכרמל
101,7280,"גל.א בנייה בע""מ - אתר יהודה הלוי 20 ת""א"
101,7292,נאסר אלדין סעיד 2006 -אתר אלייקים חשמל חגית
101,7297,"רוומר 1997 בע""מ אתר רעננה**חסום**"
101,7298,"גיה בנייה ופיתוח בע""מ אתר נחלת בנימין 139 תל אביב"
101,7306,"צאלי ייזום והשקעות בע""מ - ראש העין *פעיל*"
101,7308,יריב לוי
101,7313,"י.א חי יזמות ואחזקות בע""מ אתר אאורה - נתניה"
101,7315,"י.א חי יזמות ואחזקות בע""מ אתר קופת חולים - יוקנעם"
101,7316,"י.א חי יזמות ואחזקות בע""מ אתר טופ גבע - נתניה"
101,7317,"צאלי ייזום והשקעות בע""מ אתר ספין"
101,7318,"י.א חי יזמות ואחזקות בע""מ אתר מט""ש איילון -רמלה"
101,7337,"י.א חי יזמות ואחזקות בע""מ אתר סביון באגם"
101,7338,"גיה בנייה ופיתוח בע""מ אתר ""קהילת ורשה 69 "" תל אביב"
101,7339,"גיה בנייה ופיתוח בע""מ אתר ""חשמונאים 6-8 "" תל אביב"
101,7340,"גיה בנייה ופיתוח בע""מ אתר ""לפין20-26 "" תל אביב"
101,7343,"יעקב אליהו חברה לבניין בע""מ"
101,7357,"גיה בנייה ופיתוח בע""מ אתר המתמיד רמת גן"
101,7358,"גיה בנייה ופיתוח בע""מ אתר הפלמ""ח 47 חיפה"
101,7378,"י.א חי יזמות ואחזקות בע""מ - כללי"
101,7384,"גיה בנייה ופיתוח בע""מ אתר בועז 2 רמת גן"
101,7391,"גיה בנייה ופיתוח בע""מ אתר חירות 35 רמת גן שלב 1"
101,7404,"אגדים הנדסה ובנייה בע""מ- נוף בראשית -עפולה"
101,7412,"אגדים הנדסה ובנייה בע""מ - חיים בעמק (לילך)"
101,7419,נגנאגיה האשם
101,7432,נאסר אלדין סעיד 2006 -אתר חיפה - דליית אל כרמל
101,7437,"גיה בנייה ופיתוח בע""מ אתר נתיב ים"
101,7441,"אגדים הנדסה ובנייה בע""מ - חיים בעמק (נורית)"
101,7442,"אגדים הנדסה ובנייה בע""מ - חיים בעמק (רקפת)"
101,7443,"אגדים הנדסה ובנייה בע""מ - חיים בעמק (כלנית)"
101,7452,נאסר אלדין סעיד 2006 - נהריה
101,7466,"אודר צפון להנדסה ובניין (אר-אק) בע""מ"
101,7488,"עוביד עבדאללה נאגי & חסום בהסדר הוצ""לפ"
101,7493,"מ.ג.א.ד. בניין  והשקעות בע""מ &- כללי"
101,7512,"אגדים הנדסה ובנייה בע""מ בהקפאת הליכים - גבעתיים"
101,7540,"שחר גב בנייה בע""מ"
101,7545,"אחוזת הגוש למסחר ותעשיה בע""מ"
101,7547,"אגדים הנדסה ובנייה בע""מ -  רמת גן"
101,7554,"אגדי השרון בע""מ בהקפאת הליכים - אתר הרצליה"
101,7571,"ל.ה.ו. חומרי בניין פרדס חנה בע""מ"
101,7575,"אגרוטופ בע""מ- לנטוס נתניה"
101,7576,"מ.ג.א.ד ניהול והשקעות בע""מ - שנקין"
101,7580,"כ.ס.מ הנדסה ובניין בע""מ - ביה""ס גבעות בר  ^^חסום^^"
101,7583,"אגרוטופ בע""מ*"
101,7696,"י.ח.י.האר""י צדק בע""מ"
101,7723,"חברת עסאף הנדסה והשקעות בע""מ --> אגדים כפר יונה"
101,7731,"דרווין נכסים והשקעות בע""מ"
101,7743,"אופיר התזה ושאיבת בטון (2013) בע""מ"
101,7767,"פנינת עוזיאל בע""מ"
101,7796,עסקה משותפת גולומב 8 רמת גן
101,7813,"אגדים הנדסה ובנייה בע""מ - גבעתיים"
101,7817,"אשגר בנימינה בע""מ*"
101,7823,"אגדים הנדסה ובנייה בע""מ - כפר יונה"
101,7824,"אגדים הנדסה ובנייה בע""מ - אתר הרצליה"
101,7840,"אגדים הנדסה ובנייה בע""מ - כרמל מול הים"
101,7871,"אגדים הנדסה ובנייה בע""מ בהקפאת הליכים - אתר הרצליה"
101,7885,"בלוק טק בע""מ"
101,7892,"נאסר אלדין סעיד 2006 בע""מ - סטלה מאריס חיפה"
101,7918,ג'אברין זינאתי
101,7980,"ברוש מסחר בברזל (אשדוד) בע""מ*"
101,8089,"גלר בנימינה בע""מ*"
101,8106,"רחמני ד. עבודות עפר בע""מ*"
101,8211,"אשד ניהול תכנון ובינוי בע""מ*"
101,8261,"אורתם סהר תשתיות ובניה בע""מ*"
101,8303,סויסה רבקה גילה וז'נו*
101,8337,בן לבל - טבעון*
101,9991,חובות אבודים
101,9996,לקוחות לאיפוס
102,7006,"מעש תעשיות פלדה 2001 בע""מ*"
102,7033,פקר ברזל בניין
102,7263,"מפעלי מתכת ש.כהן בע""מ*"
102,7271,"חד אסף מתכות בע""מ  - החלפות*"
102,7360,"יהודה רשתות פלדה בע""מ"
102,7363,נבארי מסעד הובלות וסחר מתכות
102,7469,"מ.אהרון תובלה יבשתית בע""מ"
102,7591,"מ.ח.נ. מתכות בע""מ*"
102,7594,"קאסם סנעללה ושות' בע""מ"
102,7628,מנסור עלא בניין ומסחר
102,7629,"יהודה פלדות בע""מ"
102,7736,"חברת חבמ""ל בע""מ"
102,7910,"פקר שפי- ברזל לבניין בע""מ"
102,8228,"פרץ מתכות בע""מ*"
102,8233,"איירון סנטר בע""מ*"
103,7001,אברהם אגוז
103,7005,"יעקב רובינסון בע""מ- לא בשימוש"
103,7007,"כוורת המרכז למוצרי בניין ובית בע""מ"
103,7008,גובאס מחמוד
103,7009,"מרציאנו רחמים ויצחק בע""מ-נווה ירק-סגור!"
103,7010,גובאס מחמוד-בת שלמה
103,7011,"טופ אויל בע""מ"
103,7012,"בוני השרון חברה להנדסה ובניה בע""מ"
103,7013,"דרבי תמא 38 בע""מ"
103,7014,א.עמית -עבודות גמר(MENORAH)
103,7015,"חומרי בנין אחמד יונס בע""מ"
103,7016,"ש.א.ח.ק חומרי בנין בע""מ"
103,7017,מרציאנו (עין ורד)- סגור!
103,7018,קפלן יניב
103,7019,"לייטון בע""מ"
103,7021,מרגולין רעי
103,7022,יובל לחמן
103,7023,"הכל לבניין- בני כרייף בע""מ"
103,7024,שגיב וחן תמרי-אמיר
103,7026,"האחים ברוד עבודות עפר ופתוח (1986) בע""מ"
103,7027,"אדמירל קווי בנייה בע""מ"
103,7028,"חשמלירז בע""מ"
103,7029,"קאשי דוד בע""מ **לא פעיל**"
103,7030,"יעקב יצחק-שאנ""י-לא בשימוש"
103,7032,יוסי אדרי-לא בשימוש
103,7036,גרבאן שחאדם  עובד א.ס.א
103,7037,מרגולין לרנר(מעיין)
103,7038,"אבן ירוקה בע""מ"
103,7039,דב גראו-המייסדים
103,7041,בית דה סואן
103,7042,"וילות בנופר חברה לבנייה בנהריה בע""מ"
103,7043,דב גראו-גבעת עדן **לא פעיל**
103,7044,"ע.ע אבו ראס חברה לבניין בע""מ"
103,7045,כהן נתן
103,7046,"מרציאנו רחמים ויצחק בע""מ -קרית אונו-סגור!"
103,7047,יצחק שטרן
103,7048,"מ.עדן לשיווק ומסחר בע""מ"
103,7049,"מיכה זקן בנייה בע""מ"
103,7050,סוטי פריד
103,7051,"מונולית בנייה הנדסית בע""מ"
103,7052,איתי לבנת-לא בשימוש
103,7053,"א.מ.ע טייבה שיווק וכיפוף בע""מ"
103,7054,תופיק
103,7056,"רוברט ביליה נכסים ובנין בע""מ-  אתר רמת ישי"
103,7057,מוחסן פואד-
103,7058,"ס.נ.ה הנדסה בע""מ-חברה לעבודות הנדסה ובניה"
103,7059,עמאש עריפה-(חסן אבו עיאש) לא בשימוש
103,7060,"ב.ע. חמארשי הנדסה ובניה בע""מ(גבעת-עדה)-"
103,7061,"ב.נ שווק חומרי בנין בע""מ -חסום"
103,7062,"אחים פתחי בע""מ-כללי"
103,7063,עיסא אוסאמה
103,7064,"קורן מ.ש בנין והשקעות בע""מ"
103,7065,"מ.מ בוני המרכז חברה לבנין והשקעות בע""מ"
103,7066,"מרציאנו רחמים יצחק בע""מ-גני תקווה-סגור!"
103,7067,"שתית בע""מ"
103,7068,"יעקב גלבוע בנייה ויזמות בע""מ"
103,7070,חסן אבראהים דיב
103,7071,אורי רפאלי
103,7072,"אחים ג'ריס בנוי ונכסים בע""מ"
103,7073,"פ. נעאמנה לשיווק ומסחר בע""מ"
103,7074,"מיסטר ספרינקלר ישראל בע""מ"
103,7075,"גאון חברה לבניין והשקעות בע""מ"
103,7077,משפחת ויינר+קאופמן
103,7080,"נחלת א.מ. בניה ויזום בע""מ אור עקיבא אתר אשדר"
103,7081,"מרציאנו רחמים ויצחק בע""מ - סלעית-סגור!"
103,7082,משפחת טוכבנד- גלר (מיטל)
103,7084,משפחת שחר ימין
103,7085,משפחת אלתרמן
103,7086,אוחנה יצחק
103,7088,"א.מ.נ לבניין ופיתוח בע""מ- סגור באישור יוסי"
103,7089,משפחת שמעון
103,7090,"מ.נ. חסקי בע""מ"
103,7091,דב גראו - בנימינה ^^לא פעיל^^
103,7093,"יעקב גלבוע בנייה ויזמות בע""מ- לא פעיל"
103,7094,בית משפחת טנא
103,7096,"אחים פתחי בע""מ-אתר  תל מונד"
103,7097,קאסם  ח'טיב
103,7098,"מרציאנו רחמים ויצחק בע""מ -חוגלה/ינאי-סגור!"
103,7099,"עדי מעליות  בע""מ"
103,7100,"אלמוג ב.ז. בניה והשקעות בע""מ-  אתר רמלה"
103,7101,גרבאן סוהיל
103,7102,"מרציאנו רחמים ויצחק בע""מ- באורותיים-סגור!"
103,7103,"מבני גזית זברקו בע""מ"
103,7105,בית משפחת דמתי
103,7106,"אחים פתחי בע""מ- אתר חדרה"
103,7107,בית ש.א.ט
103,7108,בית משפחת פלישר
103,7109,עמית ויונית לבנטר
103,7110,"וילאר אינטרנשיונל בע""מ  - אתר גדרה * לא פעיל*"
103,7111,"רמת בניה והנדסה  בע""מ- אתר או""ע"
103,7112,"מ.ע. מחמיד בע""מ"
103,7113,"מרציאנו רחמים ויצחק בע""מ - הרצליה"
103,7114,"דנישרא אנטרנשיונל בע""מ - מגרש 18"
103,7115,ישראל זילבר
103,7117,"אחים פתחי בע""מ - אתר קיבוץ העוגן"
103,7118,"אחים חמודה השקעות 2007 בע""מ"
103,7119,"בני בכר זועבי בע""מ- אתר זכרון יעקב"
103,7120,"מרציאנו רחמים ויצחק בע""מ-מושב חרוצים(משפ' רון)סגור"
103,7121,"אחים פתחי בע""מ - אתר הוד השרון"
103,7122,"צרפתי צבי ושות'-חברה לבניין וקבלנות בע""מ בניין G4*"
103,7124,"רוברט ביליה  נכסים ובניין בע""מ - אתר חיפה"
103,7126,"וילאר איטרנשיונל בע""מ- אתר ביתילי * לא פעיל*"
103,7127,גורבאן אחמד - דוד של עבד
103,7128,"בני גרידיש קבלנות בניין בע""מ- ביה""כ נתניה"
103,7129,"אמירי זכרון יעקב בע""מ-  אביר יעקב - אתר רכסים"
103,7130,"גאזל נאסר  בע""מ- אתר שוהם"
103,7131,"משולם לוינשטיין נכסים בע""מ- אתר לילנבלום"
103,7132,בית נחום שרייר
103,7133,בית אופשטיין הלה
103,7134,ותד יחיא
103,7135,"דב גראו-פרדס חנה (פלמ""ח) **לא פעיל**"
103,7136,"צרפתי צבי ושות' -חברה לבניין וקבלנות בע""מ- ראשל""צ"
103,7137,"גאזל נאסר בע""מ - אתר רמת אביב"
103,7138,"גאזל נאסר בע""מ - אתר רמלה"
103,7139,"אמירי זכרון יעקב  בע""מ- מגרש 3003 מגדל 7"
103,7140,"בני בכר זועבי בע""מ - אתר ת""א פרישמן 10"
103,7141,"בני בכר זועבי בע""מ - אתר יסוד המעלה- ת""א"
103,7142,"וילאר נכסים (1985) בע""מ- אתר תפן **לא פעיל**"
103,7143,"אמירי זכרון יעקב בע""מ - אתר זכרון יעקב-1200-1204"
103,7144,"האחים אבו עיאש בע""מ  - אתר חדרה"
103,7146,"מרציאנו רחמים ויצחק בע""מ - כפר שמריהו -סגור!"
103,7148,"בני בכר זועבי בע""מ - אתר חיפה"
103,7149,"בני בכר זועבי בע""מ  - אתר רמת גן"
103,7150,"בני בכר זועבי בע""מ - טירת יהודה"
103,7151,"מפלסי המשולש חברה לעבודות עפר ופיתוח בנייה בע""מ"
103,7153,"מרציאנו רחמים ויצחק בע""מ- אתר מושב חופית-סגור!"
103,7154,"מרציאנו רחמים ויצחק בע""מ"
103,7155,דב גראו - הגפן אגמי ^^לא פעיל^^
103,7156,"נחלת א.מ.בניה ויזום בע""מ- אתר הרצליה סוקולוב"
103,7157,"י.מ. אמסלם בע""מ"
103,7159,"גאזל נאסר בע""מ - אתר הרצליה 210"
103,7160,"בני בכר זועבי בע""מ- אתר כביש 57"
103,7161,ארונוב אלכס
103,7162,טבריצ'י עוזי
103,7163,"צבי צרפתי ושות""- בע""מ- אתר בת ים"
103,7164,"דב גראו בע""מ - אתר תרע""ב **לא פעיל**"
103,7165,דרך הטבע בניה כפרית
103,7166,פיימן גילה ואליהו
103,7168,"בני גרידיש קבלנות בניין בע""מ- אתר רמת גן"
103,7169,"בני גרידיש קבלנות בניין בע""מ - אתר צמיגי ורד נתניה"
103,7170,"א.א. איכות בע""מ - אתר ק. מעגן מיכאל"
103,7171,"בני גרידיש קבלנות בניין בע""מ- סגור לא להפיק"
103,7172,"דב גראו בע""מ - אתר עין עירון **לא פעיל**"
103,7173,"מרציאנו רחמים בע""מ - אתר סתריה -סגור!"
103,7176,"משולם לוינשטיין  הנדסה וקבלנות בע""מ- אתר שוהם"
103,7178,"בני בכר זועבי  בע""מ - אתר אום אל פחם"
103,7179,"חסן ש.א. השקעות בע""מ"
103,7180,"אחים פתחי בע""מ - אתר  אבן יהודה"
103,7181,"אחים דמתי - קונסטרוטקציות וחממות מבוקרות בע""מ"
103,7182,"מ.א. עבודות הנדסה אילת בע""מ"
103,7183,דב גראו - מרכז המושבה
103,7184,"בני זוהדי אבו שקרה בע""מ"
103,7185,"בני בכר זועבי  בע""מ - אתר נצרת עילית"
103,7186,"א.א. איכות חברה לבניין בע""מ - אתר מושב  דור לאפעיל"
103,7187,"בני בכר זועבי בע""מ - כפר תבור"
103,7188,"ברק חברה לשמירה אבטחה ניקיון בע""מ"
103,7189,"עדוי זייד לעבודות בניה  בע""מ"
103,7191,"אחים פתחי בע""מ - אתר בנימינה"
103,7192,"בני גרידיש קבלנות בניין בע""מ - אתר מקווה נתניה*"
103,7193,"דב גראו  בע""מ- אתר פרדס חנה- הדרים ^^^לא פעיל^^"
103,7194,"אמירי זיכרון יעקב בע""מ - מגן דוד  (רכסים) לא פעיל"
103,7195,אהוד אדירי
103,7196,אילן היידן
103,7197,"א.מסילתי בע""מ*"
103,7198,סובול אור ו/או שרון
103,7199,"נדים כמאל ובניו  בע""מ"
103,7200,"אמירי זכרון יעקב בע""מ - אתר זכרון יעקב  דו משפחתי"
103,7201,"בונה ריינה בניה ופיתוח  בע""מ- אתר רמלה"
103,7203,רונן גלעדי
103,7204,רותם רהב
103,7205,"בונה ריינה בע""מ - אתר הר יונה נצרת"
103,7206,"בונה ריינה בע""מ - אתר פתח תקווה"
103,7207,"אמירי זכרון יעקב בע""מ-מגרש 3002 מגדל 6"
103,7208,"גולדן סנטורי בע""מ"
103,7209,"אמירת שדה יזום והנדסה 2007 בע""מ"
103,7210,"אמירת שדה יזום והנדסה 2007 בע""מ- לא פעיל"
103,7211,"אמירי זכרון יעקב בע""מ - בניין 123"
103,7212,"משולם לוינשטיין הנדסה וקבלנות בע""מ-אתר צורן"
103,7213,"בני גרידיש קבלנות בניין בע""מ - רח' מוהילבר 18 בני"
103,7214,חאלד בדויה
103,7215,"אברהם עמרם ובניו בע""מ"
103,7216,רועי לוזיה
103,7217,א-ר.ו.ן (2012) רדואן אבו חמדה
103,7218,אוסטק שמיר
103,7219,דקלה אטדגי
103,7220,בדאח נידל
103,7221,שאול בנימין
103,7222,נגה יעקובי
103,7223,מירי הורביץ
103,7224,גלעד הס
103,7225,מיטל וירון כהן
103,7226,"אמירי זכרון יעקב בע""מ - בניין קלטים"
103,7227,"אמירי זכרון יעקב בע""מ-חניון 3002-3003"
103,7228,"אמירי זכרון יעקב בע""מ - אתר חדרה 2005-2006"
103,7229,"בני בכר זועבי בע""מ - אתר ראש העין"
103,7230,תמיר טפירו
103,7231,"בני בכר זועבי בע""מ  - קיבוץ יפעת"
103,7232,"א.מ.צ שמש 1990 בע""מ כביש 70"
103,7234,משפחת שושן רוני ועודד
103,7235,"אחים סלטי הנדסה בע""מ"
103,7236,"ס.טנוס בנייה ופיתוח בע""מ 10/02 בניין 1+2+3"
103,7237,"צרפתי צבי ושות' -חברה לבניין וקבלנות בע""מ בניין G3"
103,7238,יעקב שרבית
103,7239,"וליד גרייב בע""מ אתר בנימינה"
103,7240,"משולם לוינשטיין  הנדסה וקבלנות בע""מ- אתר מודיעין"
103,7241,"א.מ.צ שמש 1990 בע""מ - כללי"
103,7243,"אשדן יזמות ובנייה בע""מ"
103,7244,נעאמנה רביע
103,7246,"בני בכר זועבי בע""מ - אתר תל אביב כללי"
103,7247,"וליד גרייב בע""מ יוקנעם"
103,7248,גורבאן חסן
103,7249,"מ.ר.א עבודות הנדסה ופיקוח בע""מ"
103,7250,ג'אמל ברייה
103,7251,מתם מוטורס טויוטה (מזרחי אהרון)
103,7253,"גאזל נאסר בע""מ - אתר הרצליה 203"
103,7255,דמתי לבנון
103,7256,"רולידר בע""מ"
103,7258,"סאלח את מחמוד בע""מ"
103,7259,"מרציאנו רחמים ויצחק בע""מ - כפר ויתקין - ארזי"
103,7260,"ס.טנוס בנייה ופיתוח בע""מ בניין 13/73 בניין 5+6"
103,7264,"באסם שרארה בע""מ"
103,7266,"נכטיגל תכנון והנדסה בע""מ"
103,7267,"מרציאנו רחמים ויצחק בע""מ -קיסריה שכ' 6"
103,7268,"אלה אמה יזמות בע""מ"
103,7270,"וליד גרייב בע""מ מגידו"
103,7272,"א.ל.מ רויאל בילדינג בע""מ -סגור יוסי"
103,7273,"א.מ.צ שמש 1990 בע""מ אתר ים המלח"
103,7276,דב גראו קעטבי - פרדס חנה
103,7277,"אמירי זכרון יעקב בע""מ-מגרש 3001 מגדל 5"
103,7281,"א.א. איכות בע""מ - אתר יוקנעם"
103,7282,"נחלת א.מ.בניה ויזום בע""מ-אתר הרצליה לאה גולדברג293"
103,7283,"אמפו חשמל ובניה בע""מ"
103,7284,"אלמוג ב.ז. בניה והשקעות בע""מ- אתר עפולה"
103,7285,"אלמוג ב.ז. בניה והשקעות בע""מ- אתר ק. מוצקין"
103,7286,"אלמוג ב.ז. בניה והשקעות בע""מ- אתר אילת"
103,7287,"סימון סגל מבנים וקשרים בע""מ"
103,7288,"בני גרידיש קבלנות בניין בע""מ - אתר גן ילדים"
103,7289,"מ.ברקן הנדסה בע""מ הרב ניסים 7 ת""א (בבלי)"
103,7290,"י.מ פרז חברה לבניין בע""מ* - השרון 22"
103,7291,"אחים אבו עיאש בע""מ  - אתר רחובות"
103,7293,"נחלת א.מ. בניה ויזום בע""מ אתר קיבוץ דברת"
103,7294,"חברת אחים שגראוי 1989 בע""מ"
103,7295,סלאח מלחם - כפר תבור
103,7296,"משולם לוינשטיין  הנדסה וקבלנות בע""מ- אתר לוד"
103,7299,"א.וייס בנייה ופיקוח בע""מ- לא פעיל"
103,7300,"א.וייס בנייה ופיקוח בע""מ - עיבודים והובלה"
103,7301,דב גראו אתר שלומציון פרדס חנה
103,7302,"נחלת א.מ. בניה ויזום בע""מ אור עקיבא אתר לוינשטיין"
103,7303,"מ.ברקן הנדסה בע""מ יהודה הימית 13 יפו"
103,7304,"שכטמן ושות' חברה לבניין ופיתוח בע""מ"
103,7305,"חברת אחים שגראוי 1989 בע""מ - הר המנוחות"
103,7307,דקלה אטדגי - גמר
103,7309,"זידאן זידאן בע""מ"
103,7310,"אופק שלי בניה ופיתוח בע""מ* - אור ים"
103,7311,"בונה ריינה בניה ופיתוח  בע""מ- אתר שכטמן - חיפה"
103,7312,"יוזמה 2000-ג.שמש קבלנות בניין והשקעות (1996) בע""מ"
103,7319,"בני בכר זועבי בע""מ - אתר כללי"
103,7320,"משולם לוינשטיין  הנדסה וקבלנות בע""מ- אתר אמיר לוטן"
103,7321,"מרציאנו רחמים ויצחק בע""מ אתר שדה וורבוג"
103,7322,איתי וייס
103,7323,"א.וייס בנייה ופיקוח בע""מ אתר קנדה ישראל"
103,7324,אהוד גיל
103,7325,"שכטמן ושות' חברה לבניין ופיתוח בע""מ-טבנקין עבד עיי"
103,7326,"א.וייס בנייה ופיקוח בע""מ אתר אודיטוריום עתידים"
103,7327,"א.וייס בנייה ופיקוח בע""מ אתר פנחס 31"
103,7328,"א.וייס בנייה ופיקוח בע""מ אתר SCR נתניה"
103,7329,"א.וייס בנייה ופיקוח בע""מ אתר אקרו נדל""ן"
103,7330,יובל וייס
103,7331,"בן יאיר עוקב יזמות בע""מ"
103,7332,"א.וייס בנייה ופיקוח בע""מ אתר האמוראים 4"
103,7333,"וילאר אינטרנשיונל בע""מ אתר תל בר 104 הרחבה*"
103,7334,"א.וייס בנייה ופיקוח בע""מ אתר מיקרוסופט"
103,7335,ליאור עברון
103,7336,סיון ביצוע
103,7341,"בונה ריינה בניה ופיתוח  בע""מ-חיפה ג.קשת בנין5-לא פ"
103,7342,"א.וייס בנייה ופיקוח בע""מ אתר סיגמא זכרון יעקב"
103,7344,"נבו ניסן השקעות בע""מ"
103,7345,כחלון יוסי
103,7346,"טקטוניק הנדסה ויזמות בע""מ - אתר ווטסון"
103,7347,שטרית דליה - א.ש פרוייקטים
103,7348,"הנקו בנייה בע""מ"
103,7349,"א.וייס בנייה ופיקוח בע""מ - טלקאר פלמחים"
103,7350,"אלמוג ב.ז. בניה והשקעות בע""מ- אתר עפולה בניין B1"
103,7351,"א.וייס בנייה ופיקוח בע""מ אתר מחסן רגבים"
103,7352,אבי כהנים
103,7353,"ב.צ.שטרן בנייה וייזום בע""מ"
103,7354,"אוראקל (ע.ר.) ביצוע בע""מ"
103,7355,"העוגן תעשיות פלדה בע""מ"
103,7356,"גולדן סנטורי בע""מ (שלב ב')"
103,7359,"גנאים מתכת סכנין והצפון בע""מ"
103,7361,"אבו ראס נאסר ואחיו בע""מ"
103,7362,"העוגן תעשיות פלדה בע""מ"
103,7364,"דנישרא אנטרנשיונל בע""מ אתר כפר גנים"
103,7365,"דנישרא אנטרנשיונל בע""מ אתר קריית אונו"
103,7366,"מרציאנו רחמים ויצחק בע""מ - כפר ידידיה-סודרסקי"
103,7367,"קורין ניהול וביצוע פרוייקטים בע""מ"
103,7368,"ארזי בר שדה בע""מ"
103,7369,"דור שירן חברה לבניין בע""מ"
103,7370,מ.ר.א עבודות הנדסה - אתר זכרון
103,7371,גימור ברמה
103,7372,"נחלת א.מ.בניה ויזום בע""מ-אתר הרצליה לאה גולדברג294"
103,7373,"ב.נ.ב.ר יעל הנדסה בע""מ"
103,7374,"מרציאנו רחמים ויצחק בע""מ ארסוף - אמיר אשל"
103,7375,"עאסליה למסחר כללי ותובלה בע""מ"
103,7376,סיון ביצוע אתר נתניה*
103,7377,"דוד קאשי בע""מ"
103,7379,"מצוקי השמורה זכרון בע""מ ** לא פעיל**"
103,7380,"בונה ריינה בניה ופיתוח  בע""מ- אתר מצליח -רמלה"
103,7381,"בונה ריינה בניה ופיתוח  בע""מ- אתר זיו - חיפה"
103,7382,"מגנזי תשתיות בע""מ"
103,7383,"דנישרא אנטרנשיונל בע""מ אתר מודיעין 101"
103,7385,"א.וייס בנייה ופיקוח בע""מ אתר מיטרלי"
103,7386,"מצוקי השמורה זכרון בע""מ"
103,7387,"מרציאנו רחמים ויצחק בע""מ - כרכור - גרמי רוז"
103,7388,משפחת שהם אוהד
103,7389,אור שיפוצים
103,7390,עלאא עקאלה
103,7392,"אלברטו גבסו ובניו בע""מ - צלול"
103,7393,"עומר ב.ר יזום ובנייה בע""מ אתר זיו"
103,7394,"א.וייס בנייה ופיקוח בע""מ - אתר כלמוביל"
103,7395,יצחק שטרן - סינמה סיטי נתניה
103,7396,"בני גרידיש קבלנות בניין בע""מ - משה הס"
103,7397,"נחלת א.מ. בניה ויזום בע""מ אתר קיבוץ טירת הכרמל"
103,7398,"שכטמן ושות' חברה לבניין ופיתוח בע""מ-טבנקין-שרארה"
103,7399,"שרגא מלגזות בע""מ"
103,7400,"א.וייס בנייה ופיקוח בע""מ אתר SCALELO"
103,7401,"ארי דניאל יזמות בע""מ - אשקלון"
103,7402,"דנישרא אנטרנשיונל בע""מ אתר סביון"
103,7403,"פ.נ.ר דירות יוקרה בשרון בע""מ"
103,7405,איתן כהן / אבי - רח' גאולים 53 זכרון יעקב
103,7406,"מרציאנו רחמים ויצחק בע""מ - כפר הס"
103,7407,"גילעם חברה לבניה ופיתוח בע""מ - אתר ""אורות הים"""
103,7408,"נזאם הנדסה ותשתיות בע""מ * חסום*"
103,7409,"א.וייס בנייה ופיקוח בע""מ אתר מחסן מגדל מוזיאון"
103,7410,נאזר חמארשי
103,7411,מיכאל עזריאל
103,7413,"סביוני טופז בע""מ - רח' הרב אלנקווה 30 ת""א"
103,7414,אבן דרך הנדסה ופיתוח - אתר כללי לא להוציא תעודות!!
103,7415,"טקטוניק הנדסה ויזמות בע""מ אתר יותם"
103,7416,"מרציאנו רחמים ויצחק בע""מ - מש' איזיקוביץ -גנות הדר"
103,7417,שרון הינדיי
103,7418,"וילאר אינטרנשיונל בע""מ מגרש 46*"
103,7420,"מרציאנו רחמים ויצחק בע""מ - שילת משפחת הר קליש"
103,7422,"כל בו ש.א נחמיאס נכסים והשקעות (1996) בע""מ"
103,7423,"תמא ישראל יזמות נדל""ן בע""מ"
103,7424,"ערן ליבני בע""מ"
103,7425,"מ.ש פרונט ליין ניהול ובנייה בע""מ - הרצליה קק""ל"
103,7426,"ענק העץ והגבס - הכל לגג בע""מ"
103,7427,"אוגלים בע""מ - בית שמש"
103,7428,"טירת חן חברה לבנייה בע""מ (אלי לוי)"
103,7429,"אחים פרטוש אבי ועמי בע""מ*"
103,7430,"בונה בנין פיתוח והשקעות (ז.ח) בע""מ-סגור לפנות לעדי"
103,7431,ג'רבאן רפיקה
103,7433,"א.וייס בנייה ופיקוח בע""מ אתר קייד -פתח תקווה"
103,7434,"בונה הצפון- חברה קבלני בניין בעכו בע""מ -סגור"
103,7435,מוהנד גודאת
103,7436,"מפלסי הצפון בע""מ"
103,7438,"א.וייס בנייה ופיקוח בע""מ אתר פנחס 31"
103,7439,"י.א.בניה ופיקוח בע""מ"
103,7440,"א.וייס בנייה ופיקוח בע""מ-לא פעיל"
103,7444,"אוגלים בע""מ - תל אביב"
103,7445,"מרציאנו רחמים ויצחק בע""מ"
103,7446,"י.מ פרז חברה לבנין בע""מ"
103,7447,"חברת מודל הנדסה חברה לבניין בע"" מ"
103,7448,שרות לקבלן ולצרכן -גלעד שלמה ח.פ 514296144
103,7449,עץ השקד - עסקה 21.3.16 ***נגמר***
103,7450,"צ.י. ברקו יזמות בע""מ"
103,7451,אחמד ג'רבאן ת.ז 36918902
103,7454,הולנדר - עסקה 10.4.16 - ^^^^נגמר^^^
103,7455,עמיאל - עסקה 24.4.16 - ^^^נגמר^^^
103,7456,"בונה הצפון בע""מ - קיסריה-סגור"
103,7458,"גילעם חברה לבניה ופיתוח בע""מ - גבעת זמר"
103,7459,רונן זברקו
103,7460,שוקר אבשלום- בית מדמון פרדס חנה
103,7461,"באסם שרארה בע""מ ^^סגור^^"
103,7462,הולנדר - עסקה 28.6.16
103,7463,"ב.ע. חמארשי הנדסה ובניה בע""מ"
103,7464,יורי וולרי
103,7465,נציגות פרויקט מאניה 6 תל אביב
103,7467,"אמירי זכרון יעקב בע""מ - בית תורג'מן זכרון יעקב"
103,7468,"שרגא ייבוא ומכירת מלגזות בע""מ"
103,7470,"גרסטנר שלמה - גרסטנר הנדסה בע""מ"
103,7471,סאמי ג'רבאן
103,7474,"איגל מלגזות ולוגיסטיקה בע""מ"
103,7475,אבוג' ה 99 - בניין ודיור
103,7476,"שערי גבעתיים בע""מ"
103,7477,יניב עשורי
103,7478,"דניה סיבוס בע""מ - אתר הרכבת יבנה"
103,7479,מורה מחמוד
103,7480,בונה הצפון-טירת הכרמל^^^^לקוח מקזז
103,7481,בונה הצפון- יהוד^^^לקוח מקזז
103,7482,"לאונרדו נ.ת.ר.ה בע""מ"
103,7483,תעודות משלוח מבוטלות
103,7484,"ס.ע.ע השקעות בע""מ"
103,7485,"מראענה מסחר ושיווק בע""מ*"
103,7486,"אמירי זכרון יעקב  בע""מ- מגרש 3005 בנין 9"
103,7487,מרציאנו (בית יצחק)-סגור!
103,7489,"מרציאנו רחמים ויצחק בע""מ - משמר השרון"
103,7490,מרציאנו (רעננה)- סגור!
103,7491,"אחים רושדי חלבי (84) בע""מ"
103,7492,מרציאנו (בורגתא)- סגור!
103,7494,"וילאר אינטרנשיונל בע""מ אתר ברקן מגרש 20"
103,7495,דרך חדשה - עסקה 1.3.16 - ***נגמר***
103,7496,"מרציאנו רחמים ויצחק בע""מ - בחן-סגור!"
103,7497,"מרציאנו רחמים ויצחק בע""מ-אודים-סגור!"
103,7498,"מרציאנו רחמים ויצחק בע""מ-כפר יונה-סגור!"
103,7499,"פז אביב בניה בע""מ"
103,7500,אשכולות בניה
103,7501,"מרדכי שכטר בע""מ"
103,7502,"י.מ.נ.ש.ה פיתוח ותשתיות בע""מ"
103,7503,תשובה (יוסי בן שלוש)-חסום!!!
103,7504,"י.א. אלון בניה בע""מ"
103,7505,"אחים ז.בשארה בע""מ"
103,7506,מרדכי קרמש
103,7507,"בני גרידיש קבלנות בניין בע""מ - אתר נילי נתניה"
103,7508,"בני גרידיש קבלנות בניין בע""מ - אתר נתניה בית איגל"
103,7509,דרור חיו
103,7510,כפיר מגן*
103,7511,שותפות לוינשטין מגיל
103,7513,"א.שדה פרויקטים בע""מ - דרך חיפה 44 קרית אתא"
103,7514,"א.שדה פרויקטים בע""מ-רח' היינריך 23 חיפה"
103,7515,"דנישרא אנטרנשיונל בע""מ - קרית גת*"
103,7516,"א.שדה פרויקטים בע""מ-רח' הנמל 29 חיפה"
103,7517,"מחמוד כילאני בע""מ - משמרות"
103,7518,"א.שדה פרויקטים בע""מ-סנהדרין 18 יבנה"
103,7519,"א.ש. חידוש ובינוי נדל""ן בע""מ*"
103,7520,"דניה סיבוס בע""מ - סביוני גליל ים"
103,7521,"בראל א.ב. הנדסה ובנייה בע""מ - ורדיה חיפה*"
103,7522,"דניה סיבוס בע""מ - הדקל אור יהודה"
103,7523,"יצחק תשובה (2008) בע""מ"
103,7524,"א.שדה פרויקטים בע""מ - פקיעין"
103,7525,"מחמוד כילאני בע""מ - בית אליעזר"
103,7526,"שרבט יצחק ובניו - חברה לבנין והשקעות בע""מ -ט.הכרמל"
103,7527,"בראל א.ב. הנדסה ובנייה בע""מ - פרדס חנה*"
103,7528,"שיכון ובינוי סולל בונה תשתיות (פיתוח וכבישים) בע""מ"
103,7529,"אספלט צפון תשתיות בע""מ*"
103,7530,"בראל א.ב. הנדסה ובנייה בע""מ - קיבוץ אלונים*"
103,7531,"א.א. איכות חברה לבניין בע""מ"
103,7532,"ש. שרבט ושות' חברה לבניה והשקעות(1991)בע""מ-כ.יונה"
103,7533,"י.מ פרז חברה לבניין בע""מ - אחוזה 188-190"
103,7534,מ.מ.ן יד דויד*
103,7535,"י.ב ניר בניה והשקעות בע""מ"
103,7536,"בראל א.ב. הנדסה ובנייה בע""מ - מגדלי הכרם MAX-עכו*"
103,7537,"סלמאן והבה ובניו בע""מ"
103,7538,"האחים אבו עיאש בע""מ  - רחובות"
103,7539,"א.ד שגיא - הנדסה אזרחית בע""מ"
103,7542,"האחים אבו עיאש בע""מ  -  מישור אדומים -דיזיין סנטר"
103,7543,עמיאל רם - מאור*
103,7546,"דניה סיבוס בע""מ - סביוני שוהם"
103,7548,"שפונדר יהושע - בניה והשקעות בע""מ"
103,7549,"דב בינדר חברה לבניין בע""מ"
103,7550,"אהרון מלכי ושות' בע""מ"
103,7551,"רובוטרום מגורים בע""מ*"
103,7552,"אופק בר מהנדסים בע""מ"
103,7553,"שטאנג בניה והנדסה בע""מ"
103,7556,"בוצן ביוב ועבודות אחזקה בע""מ - רמפה נתניה לא פעילל"
103,7557,"חד אסף מתכות בע""מ"
103,7558,"ג.ע לוי יזמות בע""מ"
103,7559,"אגדי השרון בע""מ בהקפאת הליכים - אתר גבעתיים"
103,7560,"ברקו יזמות וביצוע פרוייקטים בע""מ"
103,7561,"בראל א.ב. הנדסה ובנייה בע""מ - קרית ים*"
103,7562,"בראל א.ב. הנדסה ובנייה בע""מ - מודיעין*"
103,7563,"כפר אבות ראשון בים בע""מ"
103,7564,"על החוף נחמיה בע""מ"
103,7568,מיזם משותף פרויקט מבנים ותשתיות בפלוגות
103,7570,"וילאר אינטרנשיונל בע""מ -  מגרש בר לב*"
103,7572,"בן שטרית אלי בע""מ - חברה לבניין"
103,7578,חלבי פואז (אתר ענפה ג' +ד')- לא בשימוש
103,7581,"בנייני חמד מ.ח בע""מ - משפ' אהרון"
103,7582,"משולם לוינשטיין הנדסה וקבלנות בע""מ-אתר או""ע"
103,7584,"בונה הצפון בע""מ - חיפה רמת הדר-סגור"
103,7585,"מור י.ז השקעות ואחזקות בע""מ"
103,7586,"בן בסט- גדסי (1999) בע""מ"
103,7587,"ק.ב.י אחזקות בע""מ"
103,7588,"בן ארי תל רם פרויקטים בע""מ- בית שמש"
103,7589,עמי פרטוש
103,7590,זיו שמש
103,7592,"וילאר אינטרנשיונל בע""מ - פרוייקט 37 עמק חפר*"
103,7595,"בונה ריינה בניה ופיתוח  בע""מ- אתר נצרת"
103,7596,שיכון ובינוי סולל בונה - פרויקט מסילת 431
103,7597,סופרדיל מבנה*
103,7599,"א.א. רוטשטיין בניה ופיתוח בע""מ"
103,7600,"גבאי בניה ביצוע והנדסה בע""מ - מגרש 15*"
103,7601,"ע.ג. דור (2006) בע""מ"
103,7603,ליאור טויטו - גדרה 242
103,7604,"מנורה איזו אהרון בע""מ"
103,7605,"בונה ריינה בניה ופיתוח  בע""מ - עסקה"
103,7606,"שיכון ובינוי - סולל בונה - תשתיות בע""מ - חיפה"
103,7608,י.א טאוורס - עסקה 28.9.16***נגמר***
103,7609,"מבני גזית (2000) בע""מ"
103,7610,"אפקון בניה בע""מ- אתר תהר רשפון"
103,7611,"אפקון בניה בע""מ-  אתר תהר פלשת אשדוד"
103,7612,אנקונינה בן ציון שלמה
103,7613,"בראל א.ב הנדסה ובנייה בע""מ- צור טאוור קרית ים*"
103,7614,"בראל א.ב. הנדסה ובנייה בע""מ - סי ים קרית ים*"
103,7616,"שיכון ובינוי -סולל בונה בע""מ- תחנת אלנבי תל אביב"
103,7617,"ג.ס.ק נכסים ובנין בע""מ-לא פעיל"
103,7618,"אמירי זכרון יעקב בע""מ-מגרש 3008"
103,7619,"דניה סיבוס בע""מ - נתניה פרויקט 1010"
103,7620,שבתאי ארנון ועינת
103,7621,עם שלם סעדיה ונחמה
103,7622,"בראל א.ב. הנדסה ובנייה בע""מ - גדרה*"
103,7623,"אלוטק יזמות ובניה בע""מ - מושב שורש"
103,7624,י.א. טאוורס - עסקה -לא רלוונטי
103,7626,י.א. טאוורס עסקה 12.4.16 ***נגמר***
103,7627,"שיכון ובינוי - סולל בונה - תשתיות בע""מ - גן יאשיה"
103,7630,"ברזל מושירפפה בע""מ"
103,7631,"בסט לנד (408) בע""מ"
103,7632,"עדי צברי השקעות ופיתוח בע""מ"
103,7633,"שיכון ובינוי - סולל בונה - תשתיות בע""מ - גן שורק"
103,7635,"ע.א לימון פרוייקטים בע""מ"
103,7636,"בלוק אלעמר בע""מ"
103,7637,"תשובה אברהם ובניו בע""מ"
103,7638,מפרם
103,7639,"גאו דניה בע""מ - רמת גן"
103,7641,בדרן זחלאקה  - עסקה 3.5.16 ^^^^נגמר^^^^
103,7643,"דקסל בע""מ*"
103,7644,"עץ השקד הנדסה בע""מ - קרית אונו"
103,7645,"ב.ס. שלופה ובניו בע""מ"
103,7646,"א.צ.ע לבניין בע""מ"
103,7647,"עץ השקד הנדסה בע""מ - זמנהוף ת""א"
103,7648,"עץ השקד הנדסה בע""מ - נס ציונה"
103,7649,"עץ השקד הנדסה בע""מ - עכו"
103,7651,"עץ השקד הנדסה בע""מ - אור יהודה"
103,7652,"עץ השקד הנדסה בע""מ - הרצליה"
103,7653,"עץ השקד הנדסה בע""מ - תל אביב"
103,7654,מחבוב עמאש
103,7655,"בונה ריינה בניה ופיתוח  בע""מ- מושבה גרמנית"
103,7656,אריאל קליין
103,7657,"בונה ריינה בניה ופיתוח  בע""מ- אתר עפולה"
103,7658,"החברה הכלכלית לייזום והתחדשות עירונית בע""מ"
103,7659,"אמירי זכרון יעקב בע""מ - אגרובנק"
103,7660,"פאקו (אי.אל)  בע""מ"
103,7661,רום גבס- עסקה 26.5.16 ^^^נגמר^^^
103,7662,"אינג' בר יהודה בע""מ"
103,7664,"רום חן עבודות בניין ופיתוח (1988) בע""מ"
103,7665,עסקה דליה איתן אריק
103,7666,"עץ השקד ייזום בע""מ"
103,7667,צמנטכל - סולל בונה שותפות מוגבלת - גבעתיים
103,7669,צמנטכל - סולל בונה שותפות מוגבלת - תל אביב ספירלה
103,7670,"אפי קפיטל בראל ביצוע בע""מ"
103,7671,"פ. הרשקוביץ הנדסה אזרחית בע""מ"
103,7672,"צמנטכל - סולל בונה שותפות מוגבלת - ת""א דולפינריום"
103,7673,פארוק לעבודות בנייה
103,7674,"תען עבודות עפר בע""מ"
103,7675,"גורדי בע""מ"
103,7676,"אל די די טכנולוגיות מתקדמות בע""מ"
103,7677,"גרין ערבה ישראל בע""מ"
103,7678,"בן ארי תל רם פרויקטים בע""מ"
103,7679,"יוסף צליח בע""מ"
103,7680,רם אדרת הנדסה אזרחית
103,7681,"דב גראו ג.א יזמות בע""מ"
103,7682,"טיט אקספרס מוצרי בניה ומחצבות בע""מ"
103,7683,"ש.מ.ח.א אספקה טכנית בע""מ"
103,7684,צמנטכל - סולל בונה שותפות מוגבלת - אורות רבין
103,7685,צמנטכל - סולל בונה שותפות מוגבלת - דיפו ירושלים
103,7686,צמטכל- סולל בונה- שותפות מוגבלת - אזור תעשיה שלומי
103,7687,"מרתון סחר ושיווק עץ בע""מ"
103,7688,"סגלוביץ עבודות עפר ופיתוח בע""מ"
103,7689,"רום גבס חיפוי וקירוי (1997) בע""מ - אתר קסריה"
103,7690,"רום גבס חיפוי וקירוי (1997) בע""מ - אתר רננים רעננה"
103,7691,עבדאללה באייר עמאש
103,7692,"רמי חסון בע""מ"
103,7693,"בונה ריינה בניה ופיתוח  בע""מ- אתר עומר"
103,7694,"אלי. נ בנייה והשקעות בע""מ - תמ""א 218"
103,7695,"מרציאנו רחמים ויצחק בע""מ - רופין"
103,7697,"מרציאנו רחמים ויצחק בע""מ - משפחת כרם זכרון יעקב"
103,7698,"נחלת א.מ. בניה ויזום בע""מ גבעתיים"
103,7699,"שובל יד החזקות בע""מ"
103,7700,"רום גבס חיפוי וקירוי (1997) בע""מ - אתר יוקנעם"
103,7702,הרב דוד צדקה
103,7703,דב גראו - תלפיות כרכור ***לא פעיל***
103,7704,"י.א. טאוורס החזקות ויזמות בע""מ"
103,7705,"דניה סיבוס בע""מ - חלומות חדרה שלב ו'"
103,7706,"א.מ פפושדו בע""מ"
103,7707,"מרציאנו רחמים ויצחק בע""מ - נתניה -משפ בוטה"
103,7708,"רויאל גרדן נדל""ן בע""מ"
103,7709,"עמיאל בית וגן (1991) בע""מ*"
103,7710,"רום גבס חיפוי וקירוי (1997) בע""מ - אתר זכרון יעקב"
103,7711,"עץ השקד הנדסה ובניה בע""מ- יקנעם-  שער הגיא"
103,7712,"האחים י.ד כהן חברה לבניין בע""מ*"
103,7713,"וילאר אינטרנשיונל בע""מ מגרש 47*"
103,7714,"צח אורני בע""מ"
103,7715,"לי קאר בע""מ - תל מונד"
103,7716,"וילאר אינטרנשיונל בע""מ- מבני פלס 203*"
103,7717,"רוטשטיין נדל""ן בע""מ - באר יעקב"
103,7718,"נחלת א.מ. בניה ויזום בע""מ - עתלית"
103,7719,"וילאר אינטרנשיונל בע""מ- תלמי אלעזר*"
103,7720,"סמ-גד בנייה ויזום בע""מ"
103,7721,"ש.נ קורל בניה ויזמות בע""מ"
103,7722,"בונה ריינה בניה ופיתוח בע""מ - יוקנעם"
103,7724,משק דדון - מאיר ונירה
103,7725,שותפות להקמת פרוייקט י'
103,7727,"בירמן עצים ופירזול בע""מ"
103,7728,שריקי תמר
103,7729,"קו ראשון לים בע""מ"
103,7730,"בראל א.ב. הנדסה ובנייה בע""מ - כפר יונה*"
103,7732,"וילאר אינטרנשיונל בע""מ - רמת אביב*"
103,7733,"י.א. אלון בניה בע""מ - פסגת אלון טירת הכרמל 72/4"
103,7735,"פורמה פרויקטים בע""מ - רמת גן*"
103,7737,"אחים ריאד בניין ופיתוח בע""מ"
103,7738,"לניב הנדסה בע""מ - אתר חיננית"
103,7739,"קבוצת בן זיו ייזום ופיתוח בע""מ*"
103,7740,רמי כהן
103,7741,אוצר גני חדרה --> עבר לחשבון 7809
103,7742,גיל.ר.חברה קבלנית בע''מ
103,7744,"אמירי זכרון יעקב בע""מ -בית דורון עורבני זכרון יעקב"
103,7745,יותם אדנייב
103,7746,"נכסים יפים (2008) בע""מ"
103,7747,"חברת נמל חיפה בע""מ"
103,7748,"בראל א.ב. הנדסה ובנייה בע""מ -מגדל הפארק נתניה*"
103,7749,"למדני בע""מ"
103,7750,"וילאר נכסים (1985) בע""מ*"
103,7752,"לניב הנדסה בע""מ*"
103,7754,"בונה ריינה בניה ופיתוח  בע""מ- אתר הרצליה"
103,7755,"בראל א.ב הנדסה ובניה בע""מ  - FEEL גדרה*"
103,7756,"אלי. נ בנייה והשקעות בע""מ - דרך סלמה 219 זכרון יעק"
103,7757,"הגן הקסום עבודות פיתוח ר.א בע""מ"
103,7758,שיכון בינוי סולל בונה - מחלף משמר הגבול
103,7759,"וילאר אינטרנשיונל בע""מ- מאגר מים 504*"
103,7760,משהב כנען
103,7761,"אגמי חברה לעבודות הנדסיות בע""מ"
103,7762,יוסי פרז
103,7763,המקו שורה אגירה שאובה
103,7764,עמאש רביע עבד אלהאדי
103,7765,בשראת סנאא
103,7766,"רובין חברה קבלנית בע""מ"
103,7768,"דנישרא אנטרנשיונל בע""מ אתר מודיעין 402"
103,7769,"אמירי זכרון יעקב בע""מ - מרכז מסחרי זכרון יעקב"
103,7770,"הולנדר ובניו חברה לבנין בע""מ*"
103,7771,"מבני פלס בע""מ -מגרש 203*"
103,7772,"הרשנזון אנקאוה יזמות ובניה בע""מ"
103,7773,"בראל א.ב. הנדסה ובנייה בע""מ - נווה אור*"
103,7774,"ב.ס.ט. בנייה בע""מ"
103,7775,"יניב בל החזקות יזמות ובנייה בע""מ"
103,7776,רום גבס - עסקה ^^^^נגמר^^^
103,7777,משולם לוינשטיין - כללי סגירת התאמות
103,7778,"אבי הרשנזון יזמות ובניה בע""מ -אתר הרצליה"
103,7779,צמנטכל - סולל בונה שותפות מוגבלת-עסקה קרן שלום*
103,7780,"א.ד שגיא - הנדסה אזרחית בע""מ-חצרות ההגנה"
103,7781,"רודז קבלנות בנין והשקעות בע""מ - גבעתיים"
103,7782,"רודז קבלנות בנין והשקעות בע""מ - רמת השרון"
103,7783,"בראל א.ב. הנדסה ובנייה בע""מ ט.הכרמל - אשדר*"
103,7785,"בראל א.ב. הנדסה ובנייה בע""מ ט.הכרמל - אקדמיה 2*"
103,7787,"אמירי זכרון יעקב בע""מ-בניין 3006-3007"
103,7789,איתן ויצחק אשורי
103,7790,יעקובוביץ דליה
103,7791,"בני גרידיש קבלנות בניין בע""מ -נתניה כלנית"
103,7792,"שמי אשקלוני בע""מ"
103,7793,"אבי הרשנזון יזמות ובניה בע""מ"
103,7794,"ע.י.ד.ן 67 בע""מ"
103,7795,"האחים אבו עיאש בע""מ - אתר חיפה"
103,7797,"אמירי זכרון יעקב בע""מ-מגרש 3004-3005"
103,7798,"בראל א.ב. הנדסה ובנייה בע""מ - שוהם*"
103,7799,"עץ השקד הנדסה בע""מ - לא פעיל"
103,7800,דב גראו - פרויקט נופים
103,7801,"קורן אם.אס.תי בוני המרכז חברה לבניין והשקעות בע""מ"
103,7802,"רם לי בניה ופיתוח בע""מ - אתר אולגה"
103,7803,"רם לי בניה ופיתוח בע""מ - אתר אולגה****לא פעיל****"
103,7804,"וילאר אינטרנשיונל בע""מ - פרוייקט 1200*"
103,7805,"זברקו חברה לבניין והשקעות בע""מ - כיכר המשטרה*"
103,7806,"ג.מ.ע גנדלר חברה לבנייה בע""מ"
103,7807,"בונה ריינה בניה ופיתוח  בע""מ- אתר חביבה רייך"
103,7808,אריק אשורי
103,7809,"צמרת גני חדרה בע""מ*"
103,7810,"ח.מ פרדייס בנייה בע""מ - חשבון סגור"
103,7811,"בראל א.ב. הנדסה ובנייה בע""מ - קרית מוצקין*"
103,7812,"בסט לנד (401) בע""מ"
103,7814,חואשי אחמד
103,7815,"ביתקו - השקעות ונכסים בע""מ"
103,7818,"רם לי בניה ופיתוח בע""מ - אתר בנימינה"
103,7821,"א.שדה פרויקטים בע""מ-עסקה לא פעיללללללללללללללללללל"
103,7822,"לוינסקי עופר בע""מ"
103,7825,"קרן ק.ר. נדל""ן בע""מ"
103,7826,"שלד פלד הנדסה ונכסים בע""מ"
103,7827,"שבט בנימין בע""מ"
103,7829,"עולם מרמוב בע""מ"
103,7830,ניר הולנדר
103,7831,"בונה ריינה בניה ופיתוח בע""מ - שוהם"
103,7832,"בונה ריינה בניה ופיתוח בע""מ - תל אביב"
103,7833,"בונה ריינה בניה ופיתוח  בע""מ- אתר רחובות"
103,7834,"אמירי זכרון יעקב בע""מ - חניון 6004-6005"
103,7835,"משולם לוינשטיין הנדסה וקבלנות בע""מ*"
103,7836,"ג'בארין עלי מוסטפא ובניו בע""מ"
103,7837,"אורן ושות' הנדסת קירור בע""מ"
103,7838,צמנטכל - סולל בונה שותפות מוגבלת - ראשון לציון
103,7839,"אולניק חברה להובלה עבודות עפר וכבישים בע""מ"
103,7841,"גילעם חברה לבניה ופיתוח בע""מ - פרדסייה"
103,7843,"פי הנדסה ובניה בע""מ"
103,7844,"בית שחר קבלנים בע""מ"
103,7845,"רמי חסון בע""מ - אתר לבוציקין"
103,7847,"מ.ש פרונט ליין ניהול ובנייה בע""מ - הרצליה הס 40"
103,7848,עמי פרטוש וזיו שמש
103,7850,"מ.ב.צ. יזמות והשקעות בע""מ"
103,7851,"וילאר אינטרנשיונל בע""מ - רבדים מגרש 15*"
103,7852,"באר הנדסה אזרחית בע""מ"
103,7853,"ליאם הנדסה בע""מ"
103,7854,"מ.ש פרונט ליין ניהול ובנייה בע""מ - הוד השרון"
103,7855,"י.ינקוביץ הנדסה בניין ופיתוח בע""מ*"
103,7856,"בראל א.ב. הנדסה ובנייה בע""מ - אגמים נתניה*"
103,7857,"דניה סיבוס בע""מ -האונה המזרחית 531 ביאלר 22 רחובות"
103,7858,"דניה סיבוס בע""מ -נעמי שמר 17 רעננה"
103,7859,"דניה סיבוס בע""מ - בי""ח שניידר פ""ת"
103,7861,"מעיינות צבי אשג""ח בע""מ"
103,7862,"אליהו תעשיות פלסטיק בע""מ*"
103,7863,כרמלה ליבמן ***לא פעיל***
103,7864,"אלעזרא יוזמה והשקעות בע""מ - אפרידר"
103,7865,"בראל א.ב. הנדסה ובנייה בע""מ - בניאס נתניה*"
103,7866,"האחים אבו עיאש בע""מ  - אתר קרית אונו"
103,7868,"דניה סיבוס בע""מ - תרנ""א 22 חדרה (ויוה)"
103,7869,"דניה סיבוס בע""מ - רחובות החדשה"
103,7870,"דניה סיבוס בע""מ - באר שבע"
103,7872,"פורמה פרויקטים בע""מ - גבעתיים*"
103,7874,"וילאר אינטרנשיונל בע""מ מגרש 45*"
103,7875,"דנישרא אנטרנשיונל בע""מ - מגרש 3 *"
103,7876,"שובל הנדסה ובנין בע""מ"
103,7878,"דניה סיבוס בע""מ - רמת גן"
103,7879,"דניה סיבוס בע""מ - כפר יונה"
103,7880,"דניה סיבוס בע""מ - חלומות חדרה שלב ז'"
103,7882,מיזם משותף - כביש 77 קשי
103,7883,"האחים אבו עיאש בע""מ  - פרויקט להבים"
103,7884,"אמירי זכרון יעקב  בע""מ - מגרש 3007 חדרה"
103,7886,"אמירי זכרון יעקב  בע""מ - גדרה"
103,7887,"וילאר מגורים בע""מ*"
103,7888,"וילאר אינטרנשיונל בע""מ - החותרים טירת הכרמל*"
103,7889,"האחים אבו עיאש בע""מ - נווה זמר רעננה"
103,7890,"יובל הנדסה בע""מ"
103,7891,"סקייל - בנייה וניהול פרויקטים בע""מ*"
103,7893,"דניה סיבוס בע""מ - לוזון 3 גני תקווה"
103,7895,"וילאר אינטרנשיונל בע""מ - מגרש 17 מבוא כרמל*"
103,7898,ערן שטרן
103,7899,"אמירי זכרון יעקב בע""מ- אתר חדרה 304-307"
103,7900,"זברקו חברה לבניין והשקעות בע""מ - עסקה*"
103,7901,כלנית ואבי תמיר
103,7903,"רוטשטיין נדל""ן בע""מ - רמת גן -עבר לכרטיס 7913"
103,7904,"שכטמן ושות' חברה לבניין ופיתוח בע""מ- מבואות 2004"
103,7905,"רוטשטיין נדל""ן בע""מ - רמת אלישיב"
103,7906,"שורה בע""מ"
103,7907,"המתועשת בע""מ"
103,7908,"שיכון ובינוי - סולל בונה  תשתיות בע""מ-מעונות חולון"
103,7909,"עץ השקד הנדסה בע""מ - הרצל ת""א"
103,7911,"וילאר אינטרנשיונל בע""מ -  אריאל*"
103,7912,עומר בר יוחאי*
103,7913,"עץ השקד הנדסה בע""מ - קסריה"
103,7915,"ח.ש.א  הובלות בע""מ"
103,7917,"דרך עפר בע""מ"
103,7919,"ארתם סהר בנייה בע""מ - מקבוצת חנן מור - מגרש א3"
103,7920,"שיכון ובינוי - סולל בונה - תשתיות בע""מ - פוליגון"
103,7921,"צמנטכל - סולל בונה שותפות מוגבלת - אבא הלל ת""א"
103,7925,"שיכון ובינוי - סולל בונה - תשתיות בע""מ - ענבה"
103,7930,גולן דהן
103,7931,"בראל א.ב הנדסה ובניה בע""מ- מודיעין*"
103,7932,"דניה סיבוס בע""מ - יד אליהו"
103,7933,"בראל א.ב הנדסה ובניה בע""מ - עסקה 1*"
103,7934,"פירות שלי בע""מ"
103,7936,"עין עירון בע""מ"
103,7937,"דוראל ש. הנדסה בניה והשקעות בע""מ"
103,7938,"ש. אלרוי בניה ופיתוח בע""מ"
103,7940,"נאות שמיר ש. בע""מ"
103,7941,"עץ השקד הנדסה בע""מ - הוד השרון"
103,7942,"בן ארי תל רם פרויקטים בע""מ - בני ברק"
103,7945,"ניר נווה (בגדדי) בע""מ - אורלוב 2,4 פתח תקווה*"
103,7946,"דניה סיבוס בע""מ - הרצליה"
103,7948,"פורמה פרויקטים בע""מ - תל אביב"
103,7949,קדמת הנגב - קרית התקשוב*
103,7952,"בראל א.ב הנדסה ובניה בע""מ - עסקה 2*"
103,7953,"ש. אלרוי בניה ופיתוח בע""מ - עסקה"
103,7955,"אריאל גבאי תשתיות בע""מ - עסקה*"
103,7956,"אריאל גבאי תשתיות בע""מ*"
103,7958,"א.מ.ר יבוא מלגזות בע""מ"
103,7959,"וילאר אינטרנשיונל בע""מ - מגרש 62 ברקן*"
103,7960,"רמי שבירו הנדסה בניה והשקעות בע""מ-עסקה"
103,7961,יעקב אסייג
103,7963,"ניר נווה (בגדדי) בע""מ - תרצה 4 רמת גן*"
103,7964,"ניר נווה (בגדדי) בע""מ - אבנר 7 רמת גן*"
103,7965,"ניר נווה (בגדדי) בע""מ - הרעות 3 כפר סבא*"
103,7966,"ניר נווה (בגדדי) בע""מ - יהודה הלוי 34-36 הרצליה*"
103,7967,"י.מ פרז חברה לבניין בע""מ - הדר 42*"
103,7968,"וילאר אינטרנשיונל בע""מ - אלון תבור*"
103,7969,"קורת גג וילה בע""מ"
103,7972,"בראל א.ב הנדסה ובניה בע""מ - עסקה 3*"
103,7973,"אריאל גבאי תשתיות בע""מ - השיטה 10 קיסריה*"
103,7974,"וילאר אינטרנשיונל בע""מ - ציפורי*"
103,7975,"מסגריית שטיל נאמן בע""מ"
103,7977,"אבן דרך הנדסה ופיתוח בע""מ- כביש 471*"
103,7978,"אבן דרך הנדסה ופיתוח בע""מ- ראש העין*"
103,7979,"אבן דרך הנדסה ופיתוח בע""מ - כביש 444*"
103,7981,"דניה סיבוס בע""מ - מסילה מזרחית"
103,7982,"דניה סיבוס בע""מ - כביש 541 שפיים"
103,7983,"דניה סיבוס בע""מ - מתחם עלית"
103,7984,"ש. אלרוי בניה ופיתוח בע""מ - עסקה 2"
103,7985,"גאו דניה בע""מ - בני ציון"
103,7986,"דניה סיבוס בע""מ כביש 444"
103,7987,"גאו דניה בע""מ - אינטל חיפה"
103,7988,"דניה סיבוס בע""מ - מפעל ברזל חלץ"
103,7989,"בראל א.ב הנדסה ובנייה בע""מ - נהריה ד'*"
103,7990,זוהיר עבד אל האדי
103,7991,"ניר נווה (בגדדי) בע""מ - אורלוב 6,4 פתח תקווה*"
103,7995,"עץ השקד הנדסה בע""מ - לבנדה"
103,7996,"אנרג'י פרוייקטים בע""מ - בוגרט אבן יהודה*"
103,7997,"בראל א.ב הנדסה ובניה בע""מ - עסקה 4*"
103,7998,אסף ארבל*
103,7999,"משולם לוינשטיין הנדסה וקבלנות בע""מ- לא פעילל!!"
103,8001,מורנו אוביידו
103,8002,"אפקון בנייה בע""מ - הר שושנים*"
103,8003,ש.מ.ע שאיבות - שלומי מלכה-סגור !!! מפתח חדש 8008
103,8005,"דניה סיבוס בע""מ - חלומות חדרה שלב ח'"
103,8007,"גאו דניה בע""מ - מסילה מזרחית"
103,8009,"עמרם את ביטון יזמות ובנייה בע""מ"
103,8011,ארז קפלן
103,8014,"אחים אבו עיאש בע""מ - הרצליה"
103,8016,"ניר נווה (בגדדי) בע""מ - ז'בוטינסקי 10 רעננה*"
103,8017,"אחים אבו עיאש בע""מ - זכרון יעקב"
103,8018,ימיני רינה*
103,8022,"נטע יכין ובועז ייזום בע""מ"
103,8023,שי גוייטין*
103,8024,אסי אלבז*
103,8025,גורגה עמירם ומעיין*
103,8028,"אריזון יזמות בע""מ*"
103,8029,"ג'מל קדור בע""מ*"
103,8030,דודו לנקרי*
103,8031,"מחמוד חזאם לבניין בע""מ*"
103,8032,אלברט בן מוחה
103,8033,"ארתם סהר בנייה בע""מ - מקבוצת חנן מור -עסקה"
103,8034,סאלח סאמח- א.ל.ד.ד. שירותים*
103,8035,אבי ונוי יוסף - לא לספק עד להשלמת התשלום
103,8036,אמזלג עדיאל*
103,8037,"רוטוניב טכנולוגיות בע""מ*"
103,8038,"מחמוד שפיק ובניו חברה לבנין ושיפוצים בע""מ*"
103,8039,"מ.ד.ש.ד נכסים והשקעות בע""מ*"
103,8040,"בן לבל הנדסה ופיתוח בע""מ*--לא פעיל!!!!!"
103,8041,"מדיצ'י חברה לבניה בע""מ*"
103,8042,דוקטור עמאש מוחמד
103,8043,"שי חי אחזקות נדל""ן בע""מ"
103,8044,אלי גבאי ושחר יוסיפוב*
103,8045,דפנה טיסר מרום*
103,8046,חנה חרמש*
103,8047,איימן חלבי*
103,8048,"חברת אולגה נוף ים בע""מ*"
103,8050,אבני רוני  -באישור טלפוני*
103,8051,"גשם בפארק בע""מ - קרית מוצקין*"
103,8052,עמאש ודיע ת.ז 024720849
103,8054,"י.ד בן עבו בניה ופיתוח בע""מ*"
103,8055,"ארתם סהר בנייה בע""מ - מקבוצת חנן מור - מגרש א1"
103,8056,"ארתם סהר בנייה בע""מ - מקבוצת חנן מור - מגרש א2"
103,8057,"ארתם סהר בנייה בע""מ - מקבוצת חנן מור - מגרש ב1"
103,8058,"ארתם סהר בנייה בע""מ - מקבוצת חנן מור - מגרש ב2"
103,8059,אחמד עמורי
103,8060,אבירם ברדה עבודות עפר ופיתוח
103,8061,נגר אחד ג'קי
103,8062,בליטי נמרוד ופייה*
103,8064,מופלח עמאש*
103,8065,"שותפות בית לחמי ושי חי יזמות והשקעות בע""מ"
103,8067,מוחמד עמאש ת.ז 305039745
103,8068,חיון עמוס
103,8070,"שי חי יזמות והשקעות בע""מ - פרוייקט חיוטמן"
103,8071,"גבאי בניה ביצוע והנדסה בע""מ - מגרש 14*"
103,8074,"ברסוף בע""מ*"
103,8075,שי גוטין
103,8076,אלקובי שרלי וטלי*
103,8077,מסעדת בשרים בן חמו*
103,8078,מכליס בצלאל*
103,8079,"אס.אי.אן בניה ופיתוח בע""מ - אור ים מגרש 15*"
103,8082,"גשם בפארק בע""מ- לא פעיל!!"
103,8083,חמוד נאסרלדין*
103,8084,"גאו דניה בע""מ - הסדנאות 31 הרצליה"
103,8085,קובי מרק
103,8086,"ארם חברה לפיתוח ובניה בע""מ*"
103,8087,"גבאי בניה ביצוע והנדסה בע""מ - מגרש 16*"
103,8088,"בראל א.ב הנדסה ובניה בע""מ - אפק"
103,8091,אחמד עמאש ת.ז 207887282
103,8095,שמעון אזולאי
103,8096,אלון אמיר
103,8097,"גבאי בניה ביצוע והנדסה בע""מ - מגרש 23*"
103,8099,אדוארד מירקס*
103,8100,"גביש קבלני חשמל (1987) בע""מ"
103,8101,"כרמית מיסטר פיקס בע""מ*"
103,8102,מתי וכרמית ידיד*
103,8103,ווסרמן אריה*
103,8105,ניר דרנג
103,8107,"גשם בפארק בע""מ - עתלית*"
103,8108,"גשם בפארק בע""מ - חולון*"
103,8109,"גשם בפארק בע""מ - תל אביב*"
103,8110,"פקטורוביץ לאוניד עבודות בניה ושיפוצים בע""מ*"
103,8111,"מריבו 1994 בע""מ*"
103,8112,"גבאי בניה ביצוע והנדסה בע""מ*"
103,8113,"צינומטל בע""מ*"
103,8115,יובל נבון פחימה*
103,8116,"ארד ניהול פרויקטים בע""מ*"
103,8117,ש.אלרוי - - לא פעיל
103,8118,גשם בפארק - פרויקט טורקיז ג'אסר א-זרקה*
103,8119,אריק ברזון
103,8124,"אבן דרך הנדסה ופיתוח בע""מ-תחנת רכבת אשדוד*"
103,8126,"שיכון בינוי סולל בונה תשתיות בע""מ"
103,8128,אסף גרין*
103,8129,חגי יוקר*
103,8130,ואלרי מנשירוב*
103,8131,"א.שדה פרויקטים בע""מ - רייכמן הרצליה*"
103,8132,"דניה סיבוס בע""מ - סביוני נתניה"
103,8134,צמנטכל - סולל בונה שותפות מוגבלת- פרויקט מסילה 431
103,8136,נעמן (ג'וג'ו) ג'רבאן
103,8137,"יאיר רחמים עבודות בנייה עפר ופיתוח בע""מ*"
103,8138,א.א שרותי אחזקה*
103,8141,נשאת בישר
103,8145,"א.צ אבידן בע""מ*"
103,8146,"מורגד חברה לבנין בע""מ*"
103,8147,"שמשון עבודות צנרת בע""מ*"
103,8149,"לוינשטיין נכסים בע""מ- אתר תל אביב*"
103,8150,"אחים אבו עיאש בע""מ - פרויקט נאות - רמלה"
103,8151,עסקה משותפת שדה בנאים - ביג אור עקיבא* - לא פעיללל
103,8152,"פימה שינויים בע""מ*"
103,8153,שלמה בלום
103,8155,"אהרון דקל נתיבים פיננסים בע""מ*"
103,8156,"אשר גרין מבנים בע""מ"
103,8157,"עוזי גרפל בע""מ*"
103,8200,"פירות הכרמל אגש""ח בע""מ"
103,8202,"א.שדה פרויקטים בע""מ - מרלו""ג אפק*"
103,8203,"אלמקייס מגי ושמעון- חשבוניות ע""ש שמעון פרץ"
103,8205,ג.ס.ק נכסים ובניין - אס.ברבי שרותים והשקעות*
103,8206,"אוניקס בניה ויזמות בע""מ*"
103,8208,"שיכון בינוי סולל בונה תשתיות בע""מ-גבעת שמואל"
103,8210,"ש. אלרוי בניה ופיתוח בע""מ - רעננה - לא פעיל!"
103,8213,עמאש האדי / ג'אבר* -סגורררר לא לתת
103,8214,"הרמן זמל פרוייקטים בע""מ*"
103,8218,יעל שוורץ - פחימה*
103,8219,נטע נבון - פחימה*
103,8222,זיאד אבו זכריא בונה יוקרה*
103,8223,אמיר ברמלי*
103,8224,"ש. אלרוי ב.ד.ר בע""מ - רעננה 2003"
103,8225,"ש. אלרוי ב.ד.ר בע""מ - רעננה 2086"
103,8226,"ג'ארבן עלי (עו""ד, קבלן אבו עיאש)"
103,8227,"טיק טק איסוף ומחיזור בע""מ*"
103,8229,חואשי מוחמד - חמודי חואשי*
103,8230,"א.ע.ח נתיבי הובלה בע""מ*"
103,8232,ראובן אביב מנופלה
103,8234,אריק פיסחוב
103,8235,"ויטאמד תעשיות פרמצבטיות בע""מ"
103,8236,"שלום את נתן עבודות בניה ופיתוח בע""מ*"
103,8239,"צ. רוט תעשיות בע""מ*"
103,8242,צמנטכל סולל בונה שוטפות מוגבלת - גלילות
103,8243,איציק סבן
103,8244,"צ'יינה רייל וואי טנל גרופ בע""מ"
103,8246,"לסיכו בע""מ*"
103,8247,שמעון בן חיון
103,8248,נדב ומורן לחיאני*
103,8250,"מ.ב.ע השקעות בע""מ*"
103,8253,שחידם עווד ת.ז 052396595
103,8254,"דניה סיבוס בע""מ - אתר אחיטוב"
103,8256,א.מ.א בניין ושיפוצים*
103,8259,"אופק שלי בניה ופיתוח בע""מ* - אשדוד"
103,8262,"מור יותר בנייה בע""מ"
103,8264,"איי. קיו מוריה שירותי ניהול בע""מ"
103,8265,"ג'קי ויס - ייזום, בניה, הנדסה ותשתיות בע""מ"
103,8266,"קראו א.ג.א בע""מ*"
103,8267,"בני סולימאן מחמוד בע""מ - לא פעילללללללללל!!!!!!!!"
103,8268,"צמנטכל - סולל בונה שותפות מוגבלת - מגדים ת""א"
103,8271,"אטיאס תומר בנייה וניהול פרוייקטים בע""מ*"
103,8272,"כ.נ בנייה בתנופה בע""מ*"
103,8274,"עץ השקד הנדסה בע""מ - יובלים נתניה לא פעיללללל!!!!!"
103,8275,"גדקו 1991 בע""מ*"
103,8276,"ש. אלרוי ב.ד.ר בע""מ - רעננה 2011"
103,8277,"טולוס בניין והשקעות בע""מ*"
103,8280,"ישר ולעניין בע""מ*"
103,8281,"ראיד מ. דראושה ואחיו בע""מ"
103,8283,ארז מעיין - שושי זאב
103,8284,ליאור ביטון (מאיר ביטון)*
103,8288,"אחים אבו עיאש בע""מ - פרוייקט נאות"
103,8294,"גאו דניה בע""מ - אפל הרצליה"
103,8295,ניצן קלוש
103,8298,רוני רוקח*
103,8299,שימי ולימור רחמים*
103,8301,"ח.י.ח הר אדר בע""מ*"
103,8302,רותי אנצ'לוביץ*
103,8304,"מ.א.י אביבי ייזום ובנייה בע""מ*"
103,8305,בני פואד עסלי
103,8306,מחאמד סאלח אבראהים*
103,8307,"א.א גולן יזמות בע""מ*"
103,8308,עמאש ליביא (סמי רשואן)
103,8315,א.מ.ת קבלנים
103,8316,"שיכון בינוי סולל בונה תשתיות בע""מ - ריינה-לא פעיל"
103,8318,יוסי לאור מכלוף*
103,8319,עמאש פארוק ת.ז 034831800---סגורררר
103,8320,עמאש מוחמד ת.ז 206311805* - סגוררר
103,8323,אומן המתכת*
103,8324,חן בוחבוט
103,8325,עמאש איברהים רדאון 050-3541885
103,8326,מוניב חוטיב
103,8330,"ש.א כחלון הנדסה בע""מ*"
103,8333,חליל שאקר ת.ז 066506478
103,8335,"תמא השומרון 5 בת ים בע""מ*"
103,8336,"אלמוג בונים אחרת בע""מ"
103,8340,"גאו דניה בע""מ - דטה סנטר רמלה - לא פעיללללללללל"
103,8341,"רואי גשר מתכות בע""מ*"
103,8346,"דניה סיבוס בע""מ - אפל הרצליה"
103,8359,ביטון אלי ועדי*
103,8360,"הר הכרמל בניין וסחר בע""מ*"
103,8366,"חואשי חמודי בע""מ*"
103,8374,דובלי עבודות שיפוצים
103,8388,בנדה בנייה ואדריכלות* לא פעילללללללללללל
103,8392,רבקי אדריכלות בניה ויזמות*
103,8406,נג'אר עדנאן ת.ז 057555674
103,8413,אבו ראס קיס
103,8432,"ארתם סהר הנדסה בע""מ* - מקבוצת חנן מור"
