910,100010,"ק""ג גליל ברזל מצולע קוטר 10"
910,100012,"ק""ג גליל ברזל מצולע קוטר 12"
910,100014,"ק""ג גליל ברזל מצולע קוטר 14"
910,100016,"ק""ג גליל ברזל מצולע קוטר 16"
910,100018,"ק""ג גליל ברזל מצולע קוטר 18"
910,100020,"ק""ג גליל ברזל מצולע קוטר 20"
910,100028,"ק""ג ברזל מעובד קוטר 28"
910,100032,"ק""ג ברזל מעובד קוטר 32"
910,100036,"ק""ג ברזל מעובד קוטר 36"
910,10008,"ק""ג גליל ברזל מצולע קוטר 8"
910,200011,"ק""ג גליל ברזל עגול קוטר 11"
910,2000115,"ק""ג גליל ברזל עגול קוטר 11.5"
910,200012,"ק""ג גליל ברזל עגול קוטר 12"
910,2000135,"ק""ג גליל ברזל עגול קוטר 13.5"
910,200014,"ק""ג גליל ברזל עגול קוטר 14"
910,200016,"ק""ג גליל ברזל עגול קוטר 16"
910,200020,"ק""ג מוט ברזל חלק קוטר 20"
910,20005,"ק""ג גליל ברזל עגול קוטר 5"
910,200055,"ק""ג גליל ברזל עגול קוטר 5.5"
910,200065,"ק""ג גליל ברזל עגול קוטר 6.5"
910,20007,"ק""ג גליל ברזל עגול קוטר 7"
910,200075,"ק""ג גליל ברזל עגול קוטר 7.5"
910,20008,"ק""ג גליל ברזל עגול קוטר 8"
910,20009,"ק""ג גליל ברזל עגול קוטר 9"
910,200095,"ק""ג גליל ברזל עגול קוטר 9.5"
910,300010,"ק""ג מוט ברזל קוטר 10 אורך"
910,300012,"ק""ג מוט ברזל קוטר 12 אורך"
910,300014,"ק""ג מוט ברזל קוטר 14 אורך"
910,300016,"ק""ג מוט ברזל קוטר 16 אורך"
910,300018,"ק""ג מוט ברזל קוטר 18 אורך"
910,300020,"ק""ג מוט ברזל קוטר 20 אורך"
910,300022,"ק""ג מוט ברזל קוטר 22 אורך"
910,300025,"ק""ג מוט ברזל קוטר 25 אורך"
910,300028,"ק""ג מוט ברזל קוטר 28 אורך"
910,300032,"ק""ג מוט ברזל קוטר 32 אורך"
910,300036,"ק""ג מוט ברזל קוטר 36 אורך"
910,30006,"ק""ג מוט ברזל קוטר 6 אורך"
910,30008,"ק""ג מוט ברזל קוטר 8 אורך"
911,0813,ברזל קוטר 8 אורך 3 מ'
911,0814,ברזל קוטר 8 אורך 4 מ'
911,0815,ברזל קוטר 8 אורך 5 מ'
911,0816,ברזל קוטר 8 אורך 6 מ'
911,1000,"ק""ג ברזל מעובד\גולמי לפי משקל"
911,1001,"ק""ג ברזל מעובד\גולמי לפי משקל 28-36"
911,1010,ברזל רתיך/כלונסאות מרותכות
911,1016,ברזל קוטר 10 אורך 6 מ'
911,1017,ברזל קוטר 10 אורך 5 מ'
911,1018,ברזל קוטר 10 אורך 4 מ'
911,1019,ברזל קוטר 10 אורך 3 מ'
911,1213,ברזל קוטר 12 אורך 3 מ'
911,1215,ברזל קוטר 12 אורך 5 מ'
911,1216,ברזל קוטר 12 אורך 6 מ'
911,1312,ברזל קוטר 12 אורך 2.6 מ'
911,1314,ברזל קוטר 18 אורך 4.5 מ'
911,1412,ברזל קוטר 14 אורך 0.35 מ'
911,1413,ברזל קוטר 14 אורך 3 מ'
911,1414,ברזל קוטר 14 אורך 4 מ'
911,1415,ברזל קוטר 14 אורך 5 מ'
911,1416,ברזל קוטר 14 אורך 6 מ'
911,1420,ברזל קוטר 8 אורך 4.1 מ'
911,1422,ברזל קוטר 10 אורך 0.34 מ'
911,1423,ברזל קוטר 10 אורך 0.85 מ'
911,1424,ברזל קוטר 10 אורך 2 מ'
911,1425,ברזל קוטר 12 אורך 3.2 מ'
911,1426,ברזל קוטר 8 אורך 2.5 מ'
911,1427,ברזל קוטר 8 אורך 0.2 מ'
911,1428,ברזל קוטר 12 אורך 2 מ'
911,1429,ברזל קוטר 10 אורך 0.6 מ'
911,1430,ברזל קוטר 12 אורך 0.8 מ'
911,1431,ברזל קוטר 8 אורך 2.6 מ'
911,1432,ברזל קוטר 22 אורך 3.8 מ'
911,1440,ברזל קוטר 16 אורך 4.5 מ'
911,1441,ברזל קוטר 8 אורך 2.55 מ'
911,1442,ברזל קוטר 8 אורך 2.7 מ'
911,1443,ברזל קוטר 18 אורך 2.3 מ'
911,1444,ברזל קוטר 16 אורך 4.7 מ'
911,1445,ברזל קוטר 10 אורך 2.15 מ'
911,1446,ברזל קוטר 8 אורך 0.85 מ'
911,1447,ברזל קוטר 10 אורך 0.2 מ'
911,1448,ברזל קוטר 6 אורך 2 מ'
911,1449,ברזל קוטר 12 אורך 0.45 מ'
911,1450,ברזל קוטר 12 אורך 3.57 מ'
911,1451,ברזל קוטר 10 אורך 4.25 מ'
911,1452,ברזל קוטר 12 אורך 7 מ'
911,1453,ברזל קוטר 10 אורך 1.8 מ'
911,1454,ברזל קוטר 8 אורך 0.72 מ'
911,1455,ברזל קוטר 8 אורך 1.15 מ'
911,1456,ברזל קוטר 8 אורך 2.15 מ'
911,1457,ברזל קוטר 8 אורך 1.2 מ'
911,1458,ברזל קוטר 8 אורך 1 מ'
911,1459,ברזל קוטר 8 אורך 0.8 מ'
911,1460,ברזל קוטר 8 אורך 1.75 מ'
911,1461,ברזל קוטר 10 אורך 0.4 מ'
911,1463,ברזל קוטר 8 אורך 0.5 מ'
911,1465,ברזל קוטר 10 אורך 1.01
911,1467,ברזל קוטר 12 אורך 4.74 מ'
911,1468,ברזל קוטר 10 אורך 1.50 מ'
911,1469,ברזל קוטר 6 אורך 6 מ'
911,1470,ברזל קוטר 10 אורך 0.9 מ'
911,1473,ברזל קוטר 10 אורך 0.39 מ'
911,1474,ברזל קוטר 12 אורך 0.55 מ'
911,1476,ברזל קוטר 16 אורך 1.65 מ'
911,1477,ברזל קוטר 16 אורך 1.35 מ'
911,1478,ברזל קוטר 12 אורך 1.2 מ'
911,1479,ברזל קוטר 10 אורך 0.3 מ'
911,1480,ברזל קוטר 8 אורך 1.55 מ'
911,1481,ברזל קוטר 18 אורך 6 מ'
911,1482,ברזל קוטר 16 אורך 6 מ'
911,1483,ברזל קוטר 6 אורך 3 מ'
911,1486,ברזל קוטר 8 אורך 0.55 מ'
911,1487,ברזל קוטר 14 אורך 1.5 מ'
911,1490,ברזל קוטר 8 אורך 12 מ'
911,1491,ברזל קוטר 12 אורך 12 מ'
911,1492,ברזל קוטר 8 אורך 2.34 מ'
911,1493,ברזל קוטר 6 אורך 1 מ'
911,1494,ברזל קוטר 8 אורך 1.3 מ'
911,1495,ברזל קוטר 20 אורך 8.5 מ'
911,1496,ברזל קוטר 20 אורך 4.15 מ'
911,1497,ברזל קוטר 8 אורך 0.75 מ'
911,1498,ברזל קוטר 16 אורך 0.9 מ'
911,1499,ברזל קוטר 8 אורך 0.9 מ'
911,1500,ברזל קוטר 8 אורך 3.1 מ'
911,1501,ברזל קוטר 10 אורך 12 מ'
911,1504,ברזל קוטר 10 אורך 1.2 מ'
911,1505,ברזל קוטר 10 אורך 0.41 מ'
911,1508,ברזל קוטר 20 אורך 8 מ'
911,1509,ברזל קוטר 8 אורך 2.4 מ'
911,1510,ברזל קוטר 18 אורך 7.7 מ'
911,1511,ברזל קוטר 12 אורך 2.72 מ'
911,1512,ברזל קוטר 10 אורך 2.05 מ'
911,1513,ברזל קוטר 10 אורך 1.06 מ'
911,1514,ברזל קוטר 8 אורך 2.47 מ'
911,1518,ברזל קוטר 16 אורך 1 מ'
911,1523,ברזל קוטר 14 אורך 2.1 מ'
911,1524,ברזל קוטר 10 אורך 0.95 מ'
911,1525,ברזל קוטר 8 אורך 3.4 מ'
911,1526,ברזל קוטר 10 אורך 0.45 מ'
911,1527,ברזל קוטר 12 אורך 1.15 מ'
911,1529,ברזל קוטר 12 אורך 4 מ'
911,1531,ברזל קוטר 8 אורך 1.1 מ'
911,1532,ברזל קוטר 12 אורך 1 מ'
911,1533,ברזל קוטר 12 אורך 2.9 מ'
911,1534,ברזל קוטר 14 אורך 5.58 מ'
911,1535,ברזל קוטר 12 אורך 5.5 מ'
911,1537,ברזל קוטר 10 אורך 2.4 מ'
911,1538,ברזל קוטר 8 אורך 4.45 מ'
911,1539,ברזל קוטר 12 אורך 3.5 מ'
911,1540,ברזל קוטר 16 אורך 1.18 מ'
911,1542,ברזל קוטר 8 אורך 1.95 מ'
911,1544,ברזל קוטר 10 אורך 3.4 מ'
911,1545,ברזל קוטר 6 אורך 1.5 מ'
911,1546,ברזל קוטר 12 אורך 1.6 מ'
911,1547,ברזל קוטר 12 אורך 2.2 מ'
911,1550,ברזל קוטר 10 אורך 1 מ'
911,1551,ברזל קוטר 10 אורך 1.34 מ'
911,1552,ברזל קוטר 16 אורך 1.1 מ'
911,1553,ברזל קוטר 12 אורך 0.2 מ'
911,1556,ברזל קוטר 14 אורך 1.2 מ'
911,1557,ברזל קוטר 10 אורך 0.36 מ'
911,1559,ברזל קוטר 12 אורך 2.7 מ'
911,1560,ברזל קוטר 12 אורך 3.7 מ'
911,1561,ברזל קוטר 12 אורך 1.3 מ'
911,1562,ברזל קוטר 12 אורך 1.8 מ'
911,1565,ברזל קוטר 8 אורך 1.32 מ'
911,1569,ברזל קוטר 10 אורך 0.44 מ'
911,1571,ברזל קוטר 8 אורך 1.96 מ'
911,1573,ברזל קוטר 25 אורך 0.5 מ'
911,1575,ברזל קוטר 12 אורך 3.6 מ'
911,1576,ברזל קוטר 8 אורך 0.68 מ'
911,1579,ברזל קוטר 8 אורך 1.8 מ'
911,1580,ברזל קוטר 8 אורך 0.95 מ'
911,1581,ברזל קוטר 8 אורך 2 מ'
911,1583,ברזל קוטר 10 אורך 0.5 מ'
911,1585,ברזל קוטר 10 אורך 0.86 מ'
911,1586,ברזל קוטר 8 אורך 0.7 מ'
911,1587,ברזל קוטר 10 אורך 0.7 מ'
911,1588,ברזל קוטר 8 אורך 7 מ'
911,1589,ברזל קוטר 12 אורך 1.5 מ'
911,1590,ברזל קוטר 16 אורך 7.5 מ'
911,1592,ברזל קוטר 10 אורך 0.68 מ'
911,1593,ברזל קוטר 8 אורך 0.34 מ'
911,1594,ברזל קוטר 12 אורך 0.4 מ'
911,1595,ברזל קוטר 16 אורך 4 מ'
911,1597,ברזל קוטר 14 אורך 1.7 מ'
911,1598,ברזל קוטר 10 אורך 0.72 מ'
911,1599,ברזל קוטר 10 אורך 1.55 מ'
911,1603,ברזל קוטר 8 אורך 0.6 מ'
911,1605,ברזל קוטר 14 אורך 3.5 מ'
911,1606,ברזל קוטר 12 אורך 4.5 מ'
911,1607,ברזל קוטר 16 אורך 5.5 מ'
911,1608,ברזל קוטר 25 אורך 5.50 מ'
911,1609,ברזל קוטר 16 אורך 5 מ'
911,1614,ברזל קוטר 6 אורך 1.2 מ'
911,1615,ברזל קוטר 16 אורך 9.18 מ'
911,1616,ברזל קוטר 8 אורך 3.15 מ'
911,1618,ברזל קוטר 25 אורך 0.6 מ'
911,1619,ברזל קוטר 16 אורך 3.5 מ'
911,1621,ברזל קוטר 18 אורך 0.58 מ'
911,1622,ברזל קוטר 14 אורך 1.05 מ'
911,1623,ברזל קוטר 12 אורך 0.52 מ'
911,1624,ברזל קוטר 10 אורך 4.5 מ'
911,1625,ברזל קוטר 10 אורך 6.97 מ'
911,1627,ברזל קוטר 10 אורך 1.3 מ'
911,1629,ברזל קוטר 18 אורך 4 מ'
911,1631,ברזל קוטר 10 אורך 2.25 מ'
911,1632,ברזל קוטר 6 אורך 1.1 מ'
911,1633,ברזל קוטר 14 אורך 1.65 מ'
911,1636,ברזל קוטר 18 אורך 0.9 מ'
911,1637,ברזל קוטר 8 אורך 2.1 מ'
911,1638,ברזל קוטר 12 אורך 0.6 מ'
911,1639,ברזל קוטר 8 אורך 3.5 מ'
911,1640,ברזל קוטר 12 אורך 0.5 מ'
911,1641,ברזל קוטר 12 אורך 1.7 מ'
911,1642,ברזל קוטר 10 אורך 1.1 מ'
911,1643,ברזל קוטר 18 אורך 2.8 מ'
911,1644,ברזל קוטר 14 אורך 1.3 מ'
911,1645,ברזל קוטר 14 אורך 1.8 מ'
911,1646,ברזל קוטר 20 אורך 2 מ'
911,1648,ברזל קוטר 8 אורך 1.5 מ'
911,1649,ברזל קוטר 8 אורך 1.7 מ'
911,1651,ברזל קוטר 20 אורך 1 מ'
911,1652,ברזל קוטר 8 אורך 1.4 מ'
911,1653,ברזל קוטר  16 אורך 8.61 מ'
911,1654,ברזל קוטר 16 אורך 0.8 מ'
911,1656,ברזל קוטר 10 אורך 2.5 מ'
911,1658,ברזל קוטר 14 אורך 6.3 מ'
911,1659,ברזל קוטר 16 אורך 6.3 מ'
911,1660,ברזל קוטר 16 אורך 5.6 מ'
911,1661,ברזל קוטר 14 אורך 5.6 מ'
911,1662,ברזל קוטר 8 אורך 3.6 מ'
911,1663,ברזל קוטר 6 אורך 4 מ'
911,1664,ברזל קוטר 20 אורך 6 מ'
911,1665,ברזל קוטר 12 אורך 2.5 מ'
911,1666,ברזל קוטר 10 אורך 0.98 מ'
911,1667,ברזל קוטר 12 אורך 5.4 מ'
911,1669,ברזל קוטר 8 אורך 2.8 מ'
911,1671,ברזל קוטר 8 אורך 2.9 מ'
911,1672,ברזל קוטר 8 אורך 1.9 מ'
911,1675,ברזל קוטר 18 אורך 1 מ'
911,1676,ברזל קוטר 14 אורך 4.5 מ'
911,1679,ברזל קוטר 14 אורך 0.12 מ'
911,1680,ברזל קוטר 14 אורך 2.9 מ'
911,1681,ברזל קוטר 8 אורך 3.2 מ'
911,1682,ברזל קוטר 8 אורך 5.8 מ'
911,1683,ברזל קוטר 8 אורך 2.2 מ'
911,1684,ברזל קוטר 16 אורך 0.7 מ'
911,1685,ברזל קוטר 18 אורך 1.25 מ'
911,1690,ברזל קוטר 12 אורך 3.4 מ'
911,1691,ברזל קוטר 20 אורך 3 מ'
911,1692,ברזל קוטר 8 אורך 8 מ'
911,1693,ברזל קוטר 14 אורך 3.9 מ'
911,1694,ברזל קוטר 14 אורך 2 מ'
911,1696,ברזל קוטר 12 אורך 2.1 מ'
911,1697,ברזל קוטר 22 אורך 6 מ'
911,1698,ברזל קוטר 12 אורך 0.13 מ'
911,1699,ברזל קוטר 6 אורך 5 מ'
911,1701,ברזל קוטר 16 אורך 6.15 מ'
911,1703,ברזל קוטר 14 אורך 2.2 מ'
911,1704,ברזל קוטר 8 אורך 0.4 מ'
911,1705,ברזל קוטר 16 אורך 2  מ'
911,1706,ברזל קוטר 10 אורך 2.65 מ'
911,1707,ברזל קוטר 10 אורך 2.2 מ'
911,1709,ברזל קוטר 12 אורך 2.3 מ'
911,1710,ברזל קוטר 10 אורך 0.10 מ'
911,1711,ברזל קוטר 25 אורך 4 מ'
911,1712,ברזל קוטר 14 אורך 4.1 מ'
911,1713,ברזל קוטר 14 אורך 3.6 מ'
911,1716,ברזל קוטר 12 אורך 0.9 מ'
911,1717,ברזל קוטר 16 אורך 2.18 מ'
911,1718,ברזל קוטר 8 אורך 2.25 מ'
911,1719,ברזל קוטר 14 אורך 8.4 מ'
911,1720,ברזל קוטר 10 אורך 1.95 מ'
911,1722,ברזל קוטר 10 אורך 2.35 מ'
911,1723,ברזל קוטר 10 אורך 2.45 מ'
911,1725,ברזל קוטר 16 אורך 0.6 מ'
911,1726,ברזל קוטר 16 אורך 0.73 מ'
911,1728,ברזל קוטר 10 אורך 0.8 מ'
911,1729,ברזל קוטר 12 אורך 0.7 מ'
911,1730,ברזל קוטר 18 אורך 3.15 מ'
911,1731,ברזל קוטר 20 אורך 5.1 מ'
911,1736,ברזל קוטר 8 אורך 1.35 מ'
911,1737,ברזל קוטר 18 אורך 2.75 מ'
911,1738,ברזל קוטר 20 אורך 5 מ'
911,1739,ברזל קוטר 20 אורך 2.5 מ'
911,1740,ברזל קוטר 20 אורך 1.4 מ'
911,1741,ברזל קוטר 12 אורך 0.12 מ'
911,1743,ברזל קוטר 12 אורך 4.1 מ'
911,1744,ברזל קוטר 20 אורך 7.2 מ'
911,1745,ברזל קוטר 16 אורך 2.6 מ'
911,1747,ברזל קוטר 14 אורך 1 מ'
911,1748,ברזל קוטר 14 אורך 0.3 מ'
911,1749,ברזל קוטר 18 אורך 7 מ'
911,1750,ברזל קוטר 10 אורך 0.96 מ'
911,1751,ברזל קוטר 8 אורך 4.5 מ'
911,1754,ברזל קוטר 8 אורך 2.17 מ'
911,1755,ברזל קוטר 16 אורך 3 מ'
911,1756,ברזל קוטר 12 אורך 2.4 מ'
911,1757,ברזל קוטר 12 אורך 4.3 מ'
911,1758,ברזל קוטר 18 אורך 6.5 מ'
911,1759,ברזל קוטר 14 אורך 3.75 מ'
911,1760,ברזל קוטר 14 אורך 2.4 מ'
911,1761,ברזל קוטר 18 אורך 1.70 מ'
911,1762,ברזל קוטר 10 אורך 2.10 מ'
911,1763,ברזל קוטר 14 אורך 6.7 מ'
911,1764,ברזל קוטר 12 אורך 6.5 מ'
911,1765,ברזל קוטר 10 אורך 4.30 מ'
911,1766,ברזל קוטר 8 אורך 6.5 מ'
911,1767,ברזל קוטר 25 אורך 3.50 מ'
911,1768,ברזל קוטר 25 אורך 3 מ'
911,1769,ברזל קוטר 16 אורך 6.5 מ'
911,1770,ברזל קוטר 8 אורך 0.1 מ'
911,1771,ברזל קוטר 18 אורך 2.5 מ'
911,1772,ברזל קוטר 8 אורך 6.75 מ'
911,1773,ברזל קוטר 12 אורך 0.34 מ'
911,1776,ברזל קוטר 14 אורך 4.20 מ'
911,1777,ברזל קוטר 8 אורך 4.95 מ'
911,1781,ברזל קוטר 32 אורך 1.6 מ'
911,1782,ברזל קוטר 18 אורך 6.15 מ'
911,1783,ברזל קוטר 12 אורך 6.15 מ'
911,1785,ברזל קוטר 8 אורך 1.64 מ'
911,1786,ברזל קוטר 12 אורך 1.4 מ'
911,1787,ברזל קוטר 18 אורך 5 מ'
911,1788,ברזל קוטר 10 אורך 9 מ'
911,1789,ברזל קוטר 16 אורך 2.5 מ'
911,1790,ברזל קוטר 22 אורך 2.5 מ'
911,1791,ברזל קוטר  16 אורך 1.70 מ'
911,1792,ברזל קוטר  16 אורך 2.90 מ'
911,1793,ברזל קוטר  16 אורך 7 מ'
911,1794,ברזל קוטר 8 אורך 0.54 מ'
911,1795,ברזל קוטר 18 אורך 3.5 מ'
911,1796,ברזל קוטר 16 אורך 3.75 מ'
911,1797,ברזל קוטר 8 אורך 1.34 מ'
911,1798,ברזל קוטר 8 אורך 0.77 מ'
911,1799,ברזל קוטר 22 אורך 2.30 מ'
911,1800,ברזל קוטר 22 אורך 5.15 מ'
911,1801,ברזל קוטר 10 אורך 1.9 מ'
911,1802,ברזל קוטר 8 אורך  0.25 מ'
911,1803,ברזל קוטר 8 אורך 1.44 מ
911,1804,ברזל קוטר 18 אורך 1.9 מ'
911,1805,ברזל קוטר 10 אורך 2.18 מ'
911,1808,ברזל קוטר 8 אורך 0.28 מ'
911,1814,ברזל קוטר 18 אורך 14 מ'
911,1832,ברזל קוטר 10 אורך 3.75 מ'
911,1833,ברזל קוטר 12 אורך 4.4 מ'
911,1834,ברזל קוטר 8 אורך 20 מ'
911,1835,ברזל קוטר 12 אורך 1.95 מ'
911,1836,ברזל קוטר 12 אורך 2.85 מ'
911,1839,ברזל קוטר 8 אורך 1.85 מ'
911,1850,ברזל קוטר 8 אורך 2.3 מ'
911,1851,ברזל קוטר 8 אורך 1.25 מ'
911,1853,ברזל קוטר 8 אורך 0.63 מ'
911,1854,ברזל קוטר 16 אורך 3.65 מ'
911,1855,ברזל קוטר 22 אורך 3.65 מ'
911,1856,ברזל קוטר 16 אורך 6.35 מ'
911,1857,ברזל קוטר 22 אורך 6.35 מ'
911,1858,ברזל קוטר 22 אורך 4.65 מ'
911,1860,ברזל קוטר 12 אורך 0.25 מ'
911,1861,ברזל קוטר 18 אורך 5.2 מ'
911,1862,ברזל קוטר 18 אורך 4.2 מ'
911,1863,ברזל קוטר 8 אורך 4.7 מ'
911,1864,ברזל קוטר 16 אורך 2.2 מ'
911,1865,ברזל קוטר 22 אורך 6.81 מ'
911,1866,ברזל קוטר 18 אורך 4.65 מ'
911,1867,ברזל קוטר 20 אורך 5.7 מ'
911,1868,ברזל קוטר 16 אורך 1.2 מ'
911,1869,ברזל קוטר 8 אורך 1.92 מ'
911,1870,ברזל קוטר 16 אורך 0.76
911,1871,ברזל קוטר 16 אורך 1.38
911,1872,ברזל קוטר 16 אורך 1.04
911,1873,ברזל קוטר 12 אורך 0.94
911,1874,ברזל קוטר 14 אורך 0.45 מ'
911,1881,ברזל קוטר 16 אורך 2.33 מ'
911,1890,ברזל קוטר 8 אורך 0.74 מ'
911,1891,ברזל קוטר 14 אורך 7.64 מ'
911,1892,ברזל קוטר 14 אורך 7.89 מ'
911,1893,ברזל קוטר 14 אורך 0.6 מ'
911,1894,ברזל קוטר 16 אורך 1.48 מ'
911,1895,ברזל קוטר 14 אורך 7.2 מ'
911,1896,ברזל קוטר 18 אורך 0.3 מ'
911,1897,ברזל קוטר 16 אורך 11 מטר
911,1898,ברזל קוטר 20 אורך 0.70 מ'
911,1899,חישוק מיוחד קוטר 14 מידות  19/28/19
911,1900,ברזל קוטר 10 אורך 1.64 מ'
911,1901,ברזל קוטר 25 אורך 4.93 מ'
911,1902,ברזל קוטר 12 אורך 7.6 מ'
911,1911,ברזל קוטר 18 אורך 1.5 מ'
911,1912,ברזל קוטר 16 אורך 8 מ'
911,1938,ברזל קוטר 8 אורך 1.28 מ'
911,1939,ברזל קוטר 28 אורך 2.2 מ'
911,1991,ברזל קוטר 8 אורך 1.60 מ'
911,1992,ברזל קוטר 25 אורך 7 מ'
911,1993,ברזל קוטר 25 אורך 6 מ'
911,1994,ברזל קוטר 25 אורך 2 מ'
911,1995,ברזל קוטר 16 אורך 1.82 מ'
911,1996,ברזל קוטר 10 אורך 1.26 מ'
911,2000,"ק""ג גליל ברזל עגול"
911,2055,ברזל קוטר 8 אורך 1.14 מ'
911,2101,ברזל קוטר 12 אורך 3.3 מ'
911,2535,ברזל קוטר 12 אורך 1.35 מ'
911,2582,ברזל קוטר 10 אורך 1.7 מ'
911,2595,ברזל קוטר 10 אורך 0.15 מ'
911,3468,ברזל קוטר 10 אורך 3.55 מ'
911,3469,ברזל קוטר 10 אורך 7.7 מ'
911,400012,ספירלות קוטר 12
911,400014,ספירלות קוטר 14
911,400016,ספירלות קוטר 16
911,5116,ברזל קוטר 12 אורך 2.36
911,6459,ברזל קוטר 6 אורך 0.3 מ'
911,6498,ברזל קוטר 12 אורך 8 מ'
911,6662,ברזל קוטר 6 אורך 2.5 מ'
911,6663,חתים ברזל לקשירה קוטר 6 אורך 3.05 מ'
911,7755,ברזל קוטר 14 אורך 5.4 מ'
911,8015,ברזל קוטר 18 אורך 9 מ'
911,8016,ברזל קוטר 8 אורך 1.46
911,8026,ברזל קוטר 16 אורך 4.8 מ'
911,8050,ברזל קוטר 8 אורך 1.94 מ'
911,8051,ברזל קוטר 10 אורך 3.15 מ'
911,8052,ברזל קוטר 10 אורך 4.55 מ'
911,8053,ברזל קוטר 8 אורך 0.15 מ'
911,8054,ברזל קוטר 6 אורך 0.15 מ'
911,8055,"ברזל קוטר 32 אורך 0.9 ס""מ"
911,8056,ברזל קוטר 32 אורך 1.3 מ'
911,8057,ברזל קוטר 32 אורך 2.1 מ'
911,8058,קוטר 18 אורך 8 מ'
911,8059,ברזל קוטר 32 אורך 2 מ'
911,8060,קוטר 18 אורך 12 מ'
911,8061,ברזל קוטר 18 אורך 3 מ'
911,8254,ברזל מדרגה קוטר 14 אורך 17*28*17 - לפי הצעה
911,900197,חתים ברזל לקשירה קוטר 6 אורך 1.5 מ'
911,900198,חתים ברזל לקשירה קוטר 6 אורך 2.05 מ'
911,900200,חתים ברזל לקשירה קוטר 6 אורך 1.55 מ'
911,9050,ברזל קוטר 10 אורך 8.2 מ'
911,9051,ברזל קוטר 10 אורך 8.14 מ'
911,9052,ברזל קוטר 8 אורך 2.04 מ'
911,9053,ברזל קוטר 16 אורך 1.4 מ'
911,9054,ברזל קוטר 10 אורך 1.29 מ'
911,91265,"ק""ג תוספת ברזל משוך"
911,99260,ברזל לפי רשימה
912,1515,רשת 5  15*15
912,15150,"ק""ג רשת 5  15*15"
912,1520,רשת 5.5  20*20
912,15200,"ק""ג רשת 5.5  20*20"
912,1521,רשת 10  20*20
912,15210,"ק""ג רשת 10  20*20"
912,1522,רשת 5.5  15*15
912,15220,"ק""ג רשת 5.5  15*15"
912,1584,רשת 5  10*10
912,15840,"ק""ג רשת 5  10*10"
912,1610,רשת 6.5  10*10
912,16100,"ק""ג רשת 6.5  10*10"
912,1611,רשת 6  15*15
912,16110,"ק""ג רשת 6 15*15"
912,1612,רשת 10  10*10
912,16120,"ק""ג רשת 10  10*10"
912,1613,רשת 10  15*15
912,16130,"ק""ג רשת 10  15*15"
912,1620,רשת 6.5  20*20
912,16200,"ק""ג רשת 6.5  20*20"
912,1774,רשת 5.5  10*10
912,1810,רשת 8  10*10
912,18100,"ק""ג רשת 8  10*10"
912,1820,רשת 8  20*20
912,18200,"ק""ג רשת 8  20*20"
912,1821,רשת 6.5  15*15
912,18210,"ק""ג רשת 6.5  15*15"
912,1822,רשת 8  15*15
912,18220,"ק""ג רשת 8  15*15"
912,1826,רשת 5  20*20
912,18260,"ק""ג רשת 5  20*20"
912,1827,רשת 6  20*20
912,18270,"ק""ג רשת 6  20*20"
912,1828,רשת 7.5  10*10
912,18280,"ק""ג רשת 7.5  10*10"
912,1829,רשת 7.5  20*20
912,18290,"ק""ג רשת 7.5  20*20"
912,1830,רשת 7.5  15*15
912,18300,"ק""ג רשת 7.5  15*15"
912,77,"ק""ג רשת סטנדרט"
913,1108,מ' ש.מ בין רשתות H8
913,1109,מ' ש.מ בין רשתות H9
913,1110,מ' ש.מ בין רשתות H10
913,1111,מ' ש.מ בין רשתות H11
913,1113,מ' ש.מ בין רשתות H13
913,1115,מ' ש.מ בין רשתות H15
913,1116,מ' ש.מ בין רשתות H16
913,1119,מ' ש.מ בין רשתות H19
913,1122,מ' ש.מ בין רשתות H22
913,1125,מ' ש.מ בין רשתות H25
913,1809,"ק""ג מסבכוני אומניה גובה H9"
913,1811,"ק""ג מסבכוני אומניה גובה H10"
913,1812,"ק""ג מסבכוני אומניה גובה H25"
913,1813,"ק""ג מסבכוני אומניה גובה H13"
913,18140,"ק""ג מיוחדת כוורת מרותכת דקה"
913,18141,"ק""ג מיוחדת כוורת מרותכת עבה"
913,18142,"ק""ג מיוחדת כוורת מרותכת דקה חתים מרותכים חיתוך + כיפוף"
913,18143,"ק""ג רשת מיוחדת לפי תוכנית + חיתוך + כיפוף -(דרך חדשה)"
913,18144,"ק""ג מיוחדת רתיכה קוצים 8 10@10 (380/250) -"
913,18145,"ק""ג מיוחדת רתיכה קוצים 6.5 20@20 (380/250) -"
913,18147,"ק""ג מיוחדת רתיכה קוצים 12 10@10 (380/250) -"
913,1815,"ק""ג מסבכוני אומניה גובה H11"
913,18150,"ק""ג מיוחדת רתיכה קוצים 8 20@20 (380/250) -"
913,18151,"ק""ג מיוחדת רתיכה קוצים 7.5 20@20 (380/250) -"
913,18155,"ק""ג מיוחדת רתיכה קוצים 8 15@15 (380/250) -"
913,1816,"ק""ג מסבכוני אומניה גובה H16"
913,1817,"ק""ג מסבכוני אומניה גובה H22"
913,1818,"ק""ג מסבכוני אומניה גובה H8"
913,1819,"ק""ג מסבכוני אומניה גובה H19"
913,1823,רשת 12  20*20
913,18230,"ק""ג רשת מיוחדת 12  20*20"
913,18231,"ק""ג רשת מיוחדת 12  10*10"
913,1824,רשת מגולוונת
913,1825,"ק""ג רשת מיוחדת לפי תוכנית-לא פעילללללל להפיק על 18140"
913,18253,רשת לפי יחידות - מיוחדת לפי תוכנית
913,18254,רשת לפי יחידות - מיוחדת לפי תוכנית
913,18255,רשת לפי יחידות - מיוחדת לפי תוכנית
913,1831,רשת 12  10X10
913,1837,"ק""ג מסבכוני אומניה גובה H28"
913,18400,"ק""ג מיוחדת רתיכה קוצים 6.5 10@10 (380/250) -"
913,18401,"ק""ג מיוחדת רתיכה קוצים 10 20@20 (380/250) -"
913,18402,"ק""ג מיוחדת רתיכה קוצים 10 10@10 (380/250) -"
913,18403,"ק""ג מיוחדת רתיכה קוצים 10 15@15 (380/250) -"
913,1841,"ק""ג מסבכוני אומניה גובה H12"
913,7130,"ק""ג אלמנטים מרותכים כוורות לפי תוכנית קטרים שונים"
913,9023,"ק""ג רשת מגלוונת (חמה)"
913,9024,"ק""ג רשת מגלוונת (קרה)"
914,**,חלק מהזמנת לקוח
914,***,יצא עם ת.מ
914,10,מעל 10 טון ללא חיוב הובלה
914,15,מעל 15 טון ללא חיוב הובלה
914,2,מעל 2 טון ללא חיוב הובלה
914,4,מעל 4 טון ללא חיוב הובלה
914,5,מעל 5 טון ללא חיוב הובלה
914,6,מעל 6 טון ללא חיוב הובלה
914,7,מעל 7 טון ללא חיוב הובלה
914,8,מעל 8 טון ללא חיוב הובלה
914,90471,הובלה עצמית
914,90472,הובלה טרלר
914,90474,הובלה ללא חיוב מעל
914,90476,הובלה טריילר ללא חיוב מעל
914,90675,הובלה טנדר
914,931245,הובלה ברזל
914,931246,פריקה באתר נוסף
914,931247,הובלת ברזל חנות +ברזל
914,931249,הובלה מנוף גדול
915,100,מחזיק כוסות פלסטיק
915,101,"סף פלסטיק 1 ס""מ 3 מ'"
915,102,חולצה דרייפיט פולו ש.ק
915,103,"התקנת סט ממ""ד"
915,104,מטר 3 מ' רוחב 16 ממ 835132 KENDO
915,105,מנטרל ריחות מתז 42098 HG
915,106,"מסיר אבנית 500 מ""ל HG 42131"
915,107,ת.מ. מבוטלות
915,108,פח פריימר S בונדרול 15 ל'
915,109,נר דוחה יתושים - דלי בעירה 24 שעות
915,110,יח' לוח אוניברסלי 100*25מ' באורך 3מטר*
915,111,מברשת זפת
915,113,50 מ'  רשת כתומה PVC
915,114,"יח' קרש פיני 3.6 מ""א"
915,115,מקדח 266/11 SDS
915,116,פיקדון משטח איטונג קטן
915,117,משאבה 28 מ' + 10 קוב ראשונים
915,118,תוספת לכל קוב נוסף 28 מ'
915,119,משאבה 33 מ' העמדה+10 קוב ראשונים
915,120,תוספת לכל קוב נוסף 33 מ'
915,121,מנעול פלדון צילנדר (עגול) בבליסטר 50028
915,122,בלוק 25/50 פוציס 10 חורים אלעמר
915,123,מנעול תלייה 10 בייסיק רב בריח
915,124,160/10 SDS מקדח
915,125,מקדחה 14*460  SDS
915,126,מקדח עץ לפטישון 12/300 ET12300
915,127,מקדח 160/8 SDS
915,128,בלוק פומיס 20/40 4 חורים
915,129,מקדח ‎SDS‏ 110\4
915,130,מקדח 160/13 SDS
915,131,איזמיל SDS שפיץ
915,132,ארון שירות 6280 ML ***מחיר חג***
915,133,300/16 SDS מקדח
915,134,דגל ישראל 110*80
915,135,צידנית 22 ליטר (כתר)
915,136,מחליקי רהיטים 40*40 מסיבי
915,137,"קלקר 5 ס""מ (0.5*1.27מ') F30"
915,138,160/12 SDS מקדח
915,139,סוללה 9V אולטרא אלקליין GP
915,140,"מ' צמדן 5 ס""מ דביק למטר (זכר/נקבה)"
915,141,מיני מדחס 35-12V
915,142,ספרי אויר דחוס
915,143,דבק למראה ביסון car mirror
915,144,קפה מוסדי
915,145,"סוכר 1 ק""ג"
915,146,"סרט נגד החלקה 2"" לבן"
915,147,"סנוסאן תפוח 750 מ""ל"
915,148,"מכונת פוליש 17"" רב תכליתית"
915,149,חולצה הייטק
915,150,מעיל שחור 468
915,151,חליפת גשם כחול+פס זוהר**מחיר מיוחד
915,152,כובע תאילנדי (לגיונר)
915,153,מגף אוסטרלי 192/1432/1318/550/200/585/561**מחיר מיוחד**
915,154,גרביים 2 יח' בלנסטון
915,155,כובע סהרה
915,156,בלוק בטון 4 (פלאטה)
915,157,בלוק בטון 7
915,158,בלוק בטון 10
915,159,בלוק בטון 15/40
915,160,בלוק 20
915,161,בלוק 20/40  5 חורים
915,162,בלוק 20/40 4 חורים
915,163,בלוק 20 5חורים
915,164,בלוק גג 20/20/40
915,165,בלוק 20/40  U
915,166,בלוק פומיס 20/40 4 חורים
915,167,"צינור 4"" 3 מ' תקן כתום"
915,168,מדבקות גומי לבן 28*28
915,170,בלוק 22/20/40 5* חורים
915,171,בלוק ופלה 10
915,172,"כוסות מים חמים חד""פ"
915,173,שרפרף 222 כתר
915,174,סט 5 מטליות מירופייבר 46097
915,175,מ' מפת פלנל רוחב 1.4
915,176,מקל מתכת 1.5 מחוזק צבוע
915,177,כיסא פטיו כתר
915,178,סולם עץ 5 שלבים
915,179,ריפר קוויק (תיקון כללי) גדו 90041
915,180,פח פדל 5 אוורסט
915,181,מברשת אסלה ראטן לבן
915,182,סלסלה 3611 סטייל ראטן
915,183,סלסלה 3615 סטייל ראטן
915,184,סלסלה 3616 סטייל ראטן
915,185,פח פדל 50 דקו **למטבח** 204155
915,186,נר ציטרונלה זכוכית 820008
915,187,פעם אחת 1 ל'
915,188,גלגלת רילקס 25 מ' + אביזרים GX25
915,189,תוחם גלי 10 מ' עמיר
915,190,מעדר דו שן לב ידית עץ CUT
915,191,חיבור מהיר 1/2 סירופלקס 4450
915,192,"טלסטאר 1 ק""ג (דיזיקטול)"
915,193,מלכודבר למכרסמים 101 (מלכוד נחשים)
915,194,מלכודבק אלקטרו מט 111
915,195,ספרי נחושת יעקובי
915,196,ג'ל קוטל תחקנים במזרק
915,197,מלכודת זבובים צהובה
915,198,חב' יוטה ירוקה גובה 1 מ'
915,199,חב' יוטה ירוקה גובה 2 מ'
915,200,גלון מדלל 032 (נירלט)
915,201,קוב איטונג בנייה 22*30*50
915,202,"לוח קלקר אדקס 2 ס""מ+ ציפוי צד אחד 50/125"
915,203,פח סופרקריל 18 ליטר
915,204,גלון DTM בסיס A  חלק OW211P
915,205,3/4 ל' dtm לבן חלק
915,206,מברשת סיוד 900
915,207,גלון DTM לבין 4.5 ליטר
915,208,טרפנטין 1 ליטר
915,209,"פח בגר שליכט אקרילי 28 ק""ג"
915,210,גזום גדר גרמני 500/56W
915,211,פח נירוקריל 18 ליטר לבן
915,212,פעם אחת 1/2 ל'
915,213,פח מאגיק בונד סופר (טמבור)שפכטל
915,214,גלון היפרסיד
915,215,"ספריי חלודה WD40 קטן 200 מ""ל"
915,216,"ספריי חלודה WD40 גדול 330 מ""ל"
915,217,פח היפרסיד
915,218,ספריי אדום יעקובי
915,219,מדלל 21 - 1 ליטר (טינר)
915,220,מברשת 1.5 810 שיער לבן
915,221,סט השקייה גליל 20-1/2 * 2121220
915,222,"רובה CE33 יסמין 104 5 ק""ג טמבור"
915,223,"מופה 6"" חוליות (כתום/אפור)"
915,224,"מסכה+מסגרת ""6 מרובעת"
915,225,"גלגל אפור 3"" פלטה+מעצור 45 ק""ג 101132"
915,226,"חיבור מהיר 1/2"""
915,227,סקאיי בז' 33*33
915,228,סהרה בז' 33*33
915,229,"לילי בז 33*33 (בקרטון 1.42 מ""ג)"
915,230,מצמד כפול 110 אא (מופה 4) *124842*
915,231,"רשת+מסגרת מרובעת 4"" כרום"
915,232,15 מ' קפיצינור ירוק כולל אקדח 7 מצבים
915,233,"צינור איורור 8 לממ""ד (שביט)"
915,234,"פרט מרזב 3"" קומפלט"
915,235,טבעת 50/50 תקן 620
915,236,מתקן לנייר תעשייתי ריצפה ציפוי 4010
915,237,"ניפל 4""*1מ' כתום"
915,238,"זוית 4""-90 תקן כתום"
915,239,דיסק ברזל 4.5
915,240,"מאריך ניקל 100 מ""מ"
915,241,רקורד 1- 3/4 (כתום-שחור)
915,242,"מאריך ניקל 80 מ""מ"
915,243,מעבר 4*6 *116058*
915,244,צינור 5 מ' גברית (367000)
915,245,25מ' צינור גן 1/2**רשפים**
915,246,אף מים (משולש בניין) 2.5 מ'
915,247,מופה 160 ליפסקי 218567
915,248,"6"" T"
915,249,צינור איורור 4 (שביט)
915,250,צינור 3* 3מ'
915,251,חב' שומרי מרחק רב רגל 25 NADAL נדל 100 יח' במארז
915,252,מכסה+מסגרת מרובעת 4 כרום
915,253,אטם 4
915,254,"זוית מרזב 4"" מי גשם חוליות"
915,255,"שקע כוח מוגן ניסקו עה""ט"
915,256,מפסק יחיד מוגן ניסקו
915,257,"זוית 4""-45 מעלות *161884*"
915,258,"צינור 4"" 3 מ'"
915,259,שק חול שליכט
915,260,ניפל 4*1/2מ' *116620*
915,261,אנקור מרחיק יונים 900005
915,262,"זוית 4""-90 מעלות *142289*"
915,263,מושב אסלה 3 ליפסקי לבן *116700*
915,264,"מ' צינור שרשורי עטוף 4"""
915,265,מיכל לגז נע (23094) 220ג'
915,266,"מ' צינור שרשורי עטוף 6"""
915,267,נ.חיסכון WW E27 45W אומגה
915,268,נ.חיסכון DL E27 65W אומגה
915,269,שק סיד+שליכט
915,270,מעביר ל 3
915,271,9W-PL נורה
915,272,מ' צינור מגנום 2
915,273,כפול כבד 1*1/4
915,274,נורה פלורסנט T5 24W
915,275,כבל 1.5*36 NYY חב' 100 מטר
915,276,סוללה אלקליין (12 במארז)AA+AAA GP LR6
915,277,צינור ויברציה 5 מטר VD48 חשמל שטל
915,278,דוקרן יונים נרוסטה
915,279,קופסא רון 3/4 + יציאות
915,280,שלישיה 20W*E27*צהוב
915,281,שלישיית E14/9W לבן
915,282,שלישיה E14/15W צהוב
915,283,כבל מאריך 4 מטר
915,284,נורה EL-65W
915,285,סוללה ליתיום CR2025
915,286,שלשיה 28W 27E  צהוב
915,287,כבל סינכרון/טעינה לאייפון 5
915,288,מפצל 3 T אנכי
915,289,תאורת לד סולארי+גלאי
915,290,כבל מאריך 3מ'
915,291,סרט בידוד צהוב/ירוק
915,292,ת.חירום 1+6 לדים אומגה OM-8016L7-7.3V ***מחיר מיוחד***
915,293,כבל פנדל 1.5*3 (חבילה)
915,294,כרמית 109
915,295,22451 מסג' 3 מקום מוגן מים
915,296,מעביר ל2
915,297,מעביר ל-4+כבל
915,298,חב' פרופיל U26 מחורר 2 מ' (50 יח' בחהבילה)
915,299,סרט בידוד אדום
915,3,
915,300,סרט בידוד חום/שחור/חום
915,301,סרט בידוד רחב שחור
915,302,מעביר ל 4 + מפסק וכבל
915,303,תקע צד
915,304,מ' צינור שרשורי 40-32
915,305,נורה D.L EL-20 2027
915,306,קליפס עגול 10
915,307,שקע קופלונג כח
915,308,סוללה 2032 GP
915,309,אילומינה פאר 38 25W EL ירוק
915,310,10 מ' גלילון 120 תנין שחור
915,311,נורה פלורסנט עגול 40W
915,312,10מ' גלילון תנין שחור 100
915,313,מעביר מבזק ל 2 בזק
915,314,יח' לוח אוניברסלי 100*25מ' באורך 3.6מ'
915,315,יח' קרש אוניברסלי 100*50 מ' באורך 3.6 מ'
915,316,יח' לוח אוניברסלי 100*50מ' באורך 3מטר*
915,317,מנורת קיר - ללא אחריות
915,318,דיקט פרמיום טגו 2.5-0.61-0.22
915,319,קופ 8*8 P
915,320,שקיות 52*65 שחור+שרוך
915,321,"לוח קלקר אדקס 2 ס""מ + ציפוי 2 צדדים 125/50"
915,322,מברשת פיבר (זפת) 110
915,323,לוח אורך 3.6 מ' (479 יח' במארז)
915,324,שייקר נינג'ה BL480
915,325,תבנית טגו  (104 יח' במארז)
915,326,לוח אורך 3.6 (256 יח' במארז)
915,327,קרש אורך 3.6 (264 יח' במארז)
915,328,תבנית טגו  (108 יח' במארז)
915,329,קרש אורך 3.99 275 יח' במארז)
915,330,קרש אורך 3.6 (264 יח' במארז)
915,331,לוח אורך 3 מ' (549 יח' במארז)
915,332,קרש אורך 3.6 (297יח' במארז)
915,333,קרש אורך 4.18 (264 יח' במארז)
915,334,קרש אורך 3.9 250 יח' במארז)
915,335,לוח אורך 3.63 מ' (550 יח' במארז)
915,336,לוח אורך 4.01 מ' 506 יח' במארז)
915,337,קרש אורך 4.18 (264 יח' במארז)
915,338,לוח אורך 4.36 מ' 550 יח' במארז)
915,339,תבנית טגו  (66 יח' במארז)
915,340,קרש אורך 3.6 (275 יח' במארז)
915,341,לוח אורך 3.6 528 (יח' במארז)
915,342,לטה לבן אירופאי 44*200 (135 יח')
915,343,לוח אורך 3.30 528 (יח' במארז)
915,344,"קלקר 3 ס""מ 1.25*0.50 מ'"
915,345,לוח אורך 3.62 מ' (549 יח' במארז)
915,346,לוח אורך 3.99 מ' (549 יח' במארז)
915,347,חבית שליכט + סיד
915,348,קלילה 30* 4 מ'
915,349,"טיח גבס בשק 30 ק""ג (791) **"
915,350,צמד פלסטיק נצמד 45/950
915,351,"קלקר 3 ס""מ (0.50*1.27 מ') F30"
915,352,"קלקר 2 ס""מ (1.27*0.50 )"
915,353,פינות טיח גרמני 1014* 3מ' (משולש
915,354,שעת עבודת משאית מנוף גדול
915,355,גליל מגבת ג'מבו (מ)
915,356,גליל מגבת בינוני
915,357,צבת רביץ 200 בבליסטר
915,358,מטאטא+מקל טוליפ
915,359,שקית שרוך 78*90 25 יח'
915,360,נ.ט ליטוף 32 גלילים
915,361,מטאטא כביש 30 98930
915,362,רצפות דוחה תיקנים 4 ל'
915,363,רדיד אלומניום 900/45
915,364,מטאטא שחור לבן משובח
915,365,אשפתון 75*90 HDכתום 50 יח'
915,366,אורביטול שלישיה מנטו/סודה
915,367,רב מגב שיש טירולר
915,368,דלי שטיפה 12 ליטר
915,369,מילוי ליטופים מבושם/ללא בישום
915,370,9 מטליות אבק
915,371,מסיר אבנית קלה למקלחת וכיור 42122
915,372,"מגב מילניום / קסם 60 ס""מ הברגה"
915,373,כרית יפנית
915,374,"מגב חד להב גומי 40 ס""מ"
915,375,סולו מגבות מטבח שישיה
915,376,דורגול לקומקום אפור
915,377,מילוי פרש דאו אוקינו
915,378,כיף שלישיה מעורב
915,379,"מסיר שומנים קר במתז 750 מ""ל"
915,380,שמפו כלים 750 שלישיה
915,381,"NO""1 לניקוי אסלות 1 ליטר"
915,382,חלונית זוג
915,383,תכשיר בניחוח פרחים אדום 4ל' לרצפות
915,384,כפפות משק בית מידה M
915,385,כפפות לאטקס מידה M
915,386,סמרטוטי ריצפה 5*80  70/50
915,387,סקוטשברייט (מ) ****לבן בלבד
915,388,"נייר תעשייתי 26/27 ס""מ **פרופורצייה** 1200 מטליות 1278"
915,389,חב' שומר מרחק (6-18) DH20 250 יח'
915,390,1 ליטר נוזל מרוכז לניקוי 20230
915,391,כפפות לטקס מידה L
915,392,מלרוד+מרסס נגד עובש
915,393,ליטוף 48 גלילים
915,394,6 ספוגי כלים בשרי - חלבי
915,395,מגבוני ניקוי ג'ט
915,396,חב' שומרי מרחק(6-18) DH20 250 יח'
915,397,דלי מגבונים 400 יח' ***מחיר מיוחד***
915,398,סט אטבי כביסה
915,399,ספוג ויסקוזה 7502
915,400,קומקום פירמידה JK921
915,401,קטלן יתושים 16W  OMEGA
915,402,מחמם שטח חשמלי קטן 31700 (חורף)
915,403,קומקום אוהיו / נבדה 1503
915,404,מברשת בומבה 201/3
915,405,משור כתום פלסטיק
915,406,אנרגיזר 4 יח' AA LR6
915,407,מטאטא אולמות 60 גב פלסטיק
915,408,שלישיית סנובון כחול
915,409,10מ' גלילון תנין חום 80
915,410,צמדן להדבקה 5.1 מ' לבן (20*150)
915,411,"צמדן לתפירה 60 ס""מ לבן/שחור"
915,412,מגפיים מידה 46
915,413,"סף קרמיקה אלמניום 12.5 מ""מ 3 מ'"
915,414,גלגל החלקה לכלונס CS110 (200 יח' במארז)
915,415,גלגל החלקה לכלונס 100 יח' CS-150
915,416,גלגל החלקה לכלונס  (100 יח' במארז) SC150
915,417,מרכך סנסטיב ורוד 4 ליטר מקסימה
915,418,פח משחת ידיים + גרגרים 18ל'
915,419,מחליקי רהיטים 25*25 מסיבי
915,420,מטהר אויר למפיץ ריח וניל קוקוס
915,421,מטאטא כביש 30 סמ' גב פלסטי
915,422,בורג גמבו 1/2 וו סגור
915,423,75 יח' גמבו 3/8 וו פתוח
915,424,מסמר 6 תוצרת הארץ
915,425,140י'ח עוגן לרשת בטון 3/16 (מרובע)
915,426,"טיח תרמי 400- תרמוקיר, 23 ק""ג"
915,427,הפי קצף לשטיחים
915,428,"הפי-לשמשות 750 מ""ל"
915,429,אסטוניש מרסס כחול לאמבט
915,430,אסטוניש משחה
915,431,אסטוניש קרם - אמבט
915,432,דבק 3 פעולות  ב1 יעקובי
915,433,סקוטש למכונה לבן
915,434,"סופר 7 שקוף בשפורפרת 80 מ""ל B1269"
915,435,תיקון פנצ'ר אמריקן איגל
915,436,מנקה ריפוד (40500)
915,437,נוזל לניקוי שמשות 4 ליטר *מחיר מבצע*
915,438,אפוד זוהר כתום
915,439,מ' עצר כימי סיקה סוויל 2010
915,440,מיכל לתיקון תקרים
915,441,אוטם סף דלת גומי חום 07-45
915,442,מדבקות שוקולד לבן
915,443,מוט תלייה / הדבקה
915,444,"פח גלי לגידור מגולוון 1*2 (עובי 0.4 ס""מ)"
915,445,"10 יח' מהדק כבל 3/16 (5 מ""מ)"
915,446,"10 יח' מהדק כבל 5/16 (8 מ""מ)"
915,447,מצית גז 5996
915,448,סיליקון לבן
915,449,רולר פרווה מקצועי כרמית
915,451,אקדח סיליקון מקצועי
915,452,כפפות משופרץ לבלוקים
915,453,"ארגזי קלקר גובה 20, מ""ר"
915,454,"תעלת קלקר 20/20, מטר רץ"
915,455,מסקנטייפ שקוף עבה
915,456,בלוק בניה 25/20/50פומיס
915,457,טבעי אקווהפלאסט לעץ 172285
915,458,"אבקה צהוב אוקסיד 1 ק""ג"
915,459,ח'ב שומר מרחק (6-18) 500 יח' DH-30
915,460,יוטה פיבר חב' גובה 25
915,461,שק מלט שחור
915,462,מסמר 4
915,463,בלה בוקסר
915,464,חצי שק מלט שחור
915,465,סיקה פלקס פרו 2 שרוול קרם/בז' **הייפלקס**
915,466,רשת מולחמת מגולוונת 1/25 מטר
915,467,קלילה 45*4 מ'
915,468,"שק מלט לבן (25 ק""ג)"
915,469,קוב איטונג גג 17/30/50
915,470,"סיקה גראוט 214 25 ק""ג"
915,471,ביגי בונד 2 5ליטר
915,472,סיקה פלקס FC-11 שפ' לבן
915,473,"דיסק ברזל 4.5"" DLX דק גמל 1.6"
915,474,"פלסטומר 603 לבן שק 25 ק""ג"
915,475,"טיט איטונג לבן 25 ק""ג"
915,476,איטונג למחיצה 10.60.50
915,477,מוט למקוש בינוני
915,478,כפפות עור להגנה מקסימלית 1015
915,479,סט מסוריות גקסון T144D
915,480,שפכטל כרום ניקל 4
915,481,מסמר פלדה דון קישוט
915,482,קוב איטונג גג 15.30.55
915,483,יוטה פיבר חב' גובה 20
915,484,שק טיט מוכן
915,485,קרבינה קפיצית 7*70
915,486,"עוגן כימי 300 מ""ל סודל"
915,487,סרט הזהרה אדום / לבן 200 מ'
915,489,ערכת עזרה ראשונה
915,490,"פרופילה חיצוני 5 ק""ג (יעקובי)"
915,491,"מותח כבל 5/16 (8 מ""מ)"
915,492,רצועה 2 טון 3 מטר
915,493,"ק""ג ניילון צבעוני"
915,494,מ' רשת ניפוי חור 4
915,495,מגן פינות שקוף 4 יח'
915,496,פינה 1013 3 מ'
915,497,בלוק בטון 2*20 חורים
915,498,"מייקים 10 מ""מ 3מ' 1161-1105"
915,499,"מייקים 6 מ""מ 3 מ' (1106) 1160"
915,500,קוב איטונג גג 25/30/50
915,501,מטר שרוול בד גאוטכני וטר 60 (ויסמן) (בגליל יש 20 מטר)
915,502,"מפרק 60 ס""מ זהב"
915,503,מ' רשת ניפוי חור 6
915,504,שקילה
915,505,כפפות בד מנוקד
915,506,שולחן 181 שיר אירוח מתקפל (כתר )
915,507,בלוק 22/40 u
915,508,"ידית בוקסה 230*10 Tמ""מ"
915,509,סט מברשות מיני 3 יח' פלדה/פליז/ניילון 3307
915,510,עמודי איסכורית 3 מ'
915,511,אקדח מרק כבד טויסטר
915,512,פטיש טפסן ידית פיבר
915,513,שרוול ספוג מיני 10 סמ'
915,514,מסור לטיח אמצע 1.85 *
915,515,"ניילון סטרץ גליל 1.8 ק""ג"
915,516,מקדח 8*310 SDS
915,517,"קלסימו 5 ק""ג"
915,518,S-220 הלחמה פלסטית דבקון
915,519,מסמר 10 תוצרת הארץ
915,520,"גלום סיקדור 31 6 ק""ג"
915,521,תרמיל פולימקס שקוף 300 ג'ר
915,522,GAZ ידית אדומה + מברשת פלדה
915,523,50 מ' רשת אינטרגלס 4*4 גובה 1 מ'
915,524,"סיקדור 31 אפוקסי 1.2 ק""ג"
915,525,"רובה 5 ק""ג L-11"
915,526,"רובה 1 ק""ג L-5"
915,527,עמודי איסכורית 2.5 מ'
915,528,עמודי איסכורית 2 מ'
915,529,"פינות טיח דגם 2001 3 מ""א"
915,530,עמודי איסכורית 1.5 מ'
915,531,שליכט בגר תרמוקיר שק 25 קג'-183pl
915,532,גיגית שחורה 60/40 (פלסטיט)
915,533,כבל כביסה 50 מ' 1297
915,534,דלי בניין שחור
915,535,"מריצה עמוקה גלגל מיסב 14""/מריצת גן"
915,536,"פרופילה 5 ק""ג (יעקובי)"
915,537,"פח איסכורית לבן 2/1* 03 מ""מ"
915,538,פינות טיח גרמני 1014 3 מ' (P פרוטטור
915,539,"דיסק בטון 9"" DLX גמל"
915,541,דיסק ברזל 9 DLX
915,542,שקילה
915,543,פיקדון משטח
915,544,בלה טיט  סופר
915,545,פינוי מכולת אשפה 8 קוב
915,546,שק חול זיפזיפ
915,547,בלה חול
915,548,בלוקטק 20/20/40 4 חורים
915,549,בלוקטק גג 20/20/40
915,55,תעודת משלוח:
915,550,בלוקטק גג 17/20/40
915,551,בלוקטק 10/10/40 וופלות
915,552,בלה חצץ
915,553,מטר רץ - יוטה ירוקה גובה 1.5 מ'
915,554,בלה חול שליכט
915,555,שק חצץ שומשום
915,556,בלה סומסום
915,557,פח אשפה ירוק 360 ליטר
915,558,חבית סיד
915,559,פקדון חבית
915,560,ח'ב שומרי מרחק סטאר 40  6-18
915,561,שקים ריקים
915,562,בלה ריקה
915,563,"חבילה חוט שזור תוצרת הארץ 10 ק""ג בחבילה"
915,564,"ק""ג חוט קשירה"
915,566,ש'  עבודות משאית מנוף
915,567,בלה חולה מודרג
915,568,קלילה 20* 3 מ'
915,569,קלילה *30 3 מ'
915,570,קלילה 30*3 מ'
915,571,קלילה 40* 3  מ'
915,572,קלילה 40* 4 מ'
915,573,קלילה 60* 3 מטר
915,574,קלילה 60 * 4 מ'
915,575,"קלקר 2 ס""מ (0.50*1.27)"
915,576,"קלקר 5 ס""מ (1.27*0.50)"
915,577,סט ביטחון נגרר כנף אחד/חלוןדלת (שביט)
915,578,מסקנטייפ 2
915,579,"מסקנטייפ ""3"
915,580,שמן מנוע 4 ליטר 20W50
915,581,מלץ שיניים 10*10 ידית פלסטיק
915,582,"רשת אקספנדד חב' 25 מ""ר מגלוון"
915,583,"רשת ממ""ד 2.8*2.8 50 מטר"
915,584,משורית סנובון כחול
915,585,קרבינה קפיצית 10*100
915,586,100 יח' ג'מבו וו 5/16 סגור
915,587,10 יח' תומך מדף הייטיש שקוף
915,588,חב' גיר סימון בניין כחול / אדום (מעורב)
915,589,חב' להבים
915,590,פצקה פלסטיק לקיר מרובעת איטלקי
915,591,"מייקים 10 מ""מ 2.60 מ' 1105-1161"
915,592,"מוט לטורייה 95 ס""מ"
915,593,סדרנית כלי עבודה סנטלי
915,594,"נרות דבק חם (חבילה) 1 ק""ג"
915,595,מנעול תלייה 60 ב 360620
915,596,"סיקה אנקור פיקס 300 מ""ל"
915,597,רצ'ט מקצועית סט 22 חל-T ידית
915,598,פילר יחיד 80/40/200
915,599,פילר כפול 200/40/140
915,600,פינות קשת 3 מ' 1061
915,601,פינות טיח 2.5 מ' 1041/5055 לקשתות
915,602,כובע מגן תיקני
915,603,חוט בנייה /רצפים
915,604,מברג 150*6 פיליפס
915,605,משקפי מגן מקצועים G.N*
915,606,קובץ איטונג 20.25.50
915,607,מ.רץ בד גאוטכני 2 מ' גובה (200 גרם)
915,608,"מאלץ מאורך 50 ס""מ G.N"
915,609,מקדח 22/310 SDS
915,610,צינור משורשר 9 מ' קומפלט
915,611,מקדח 10*310 SDS
915,612,אטמי אוזניים
915,613,"14 ""EF כף טייחים"
915,614,"קוצץ 8"" צהוב"
915,615,סט פצירות מחט 10 יח'
915,616,סרט בד ירוק 780019
915,617,קצץ פוליאוריטאן (קצף פו)
915,618,"מסמר פלדה 30 מ""מ"
915,619,"סט 5 להבים לסקרייפר בזווית 10 ס""מ WSB1"
915,620,פטיש טפסן סטנאלי פיבר
915,621,מברג 150 *5 שטוח מוקשה
915,622,קלילה 80 * 3 מ'
915,623,רולר ספוג  מיני 10 מ'
915,624,אקדח למרק 109 יעקובי
915,625,תותח למרק (אקדח סיליקון יעקובי) 138
915,626,גליל ניילון 2*50 מטר 4059
915,627,כפפות בד פשוטות
915,628,MCC 200 מספרי
915,629,מטאטא שטפית מכוניות 30
915,630,סופר גלו 3 יעקובי
915,631,"צינור מפלס 13-10 מ""א"
915,632,מיכל ח'פ 190 ג'אמגזית 23097
915,633,סרט בידוד רחב לבן
915,634,טיח רב תכליתי 40 ק'ג
915,635,מטר 3 מ' ציפוי גומי
915,636,"שק סיקה טופ 107 אפור  25 ק""ג  שק + קנקן"
915,637,אבקה שחורה קופסא
915,638,כירה גז נע דגם קטן (21030)
915,639,"משאבת נפט קטנה לחבית 17 מ""מ"
915,640,מזלף 10 ליטר
915,641,מוט 1.5 למטאטא
915,642,כף אשפה פלסטיק (יעה) פס גומי נצמד (מ)
915,643,סקוטש למכונה שחור
915,644,קרטון גלי חום
915,645,"כף מרובע 16"" יד"
915,646,"ח""ב בד גאוטכני 100מ'ר 2*50"
915,647,פח פדל 6 אלפין
915,648,"רשת שרוול לבנה A לקופסא (""4) *610933*"
915,649,צינור שרשורי 15 מ' קומפלט
915,650,חגורת תפסן (נרתיק) ללא חיוב
915,651,אופן השחזה בטון הברגה
915,652,"סיקה רופ 25 ק""ג"
915,653,דאו נושם ספריי כחול
915,654,מקוש אדלר
915,655,"דיסק ברזל 4.5"" DXL גמל"
915,656,מיכל לתיקון תקרים
915,657,"מלץ שיניים 5 מ""מ לפסיפס ידית עץ"
915,658,מלץ לרובה מקצועי * מחיר מיוחד *
915,659,מערבל צבע/דבק SDS
915,660,מלץ חלק עץ מתאון
915,661,"500 י""ח מרווח תקרה M14/20"
915,662,יחידת הנעה M2800 רביט
915,663,פקדון משטח בלוק טק
915,664,"נ.ט טישו קומפקט ""פרינס""1055"
915,665,"מ' שרשרת 10 מ""מ מגולבנת"
915,666,310/12 SDS מקדח
915,667,316/14 SDS מקדח
915,668,דיסק ברזל 9 DLX גמל 1/8
915,669,סולם עץ 6 שלבים
915,670,פצקה פלסטיק לקיר מלבנית
915,671,מטר 5 מ' גומי
915,672,נרתיק כלים מקצועי 12כיסים לגבס**
915,673,מתלה עור לפטיש טפסן
915,674,10 יח' נישמיות
915,675,"פלס גנסיס לייט 3 עיניים 150 ס""מ"
915,676,"פלס גנסיס 3 עניים 200 ס""מ"
915,677,פנס יד 9 לדים
915,678,"מברשת בומבה מיני 3*10ס""מ 1000/3"
915,679,ספרי גילוון קר 059
915,680,מפרק 60 שחור/כתום
915,681,את שפיכה דגם אמריקאי G.N
915,682,רולטקה 50מ' מתכת G.N
915,683,"גלון דבק שיש טנקס 7 ק""ג חברון SOLIDO3G"
915,684,אנך לצבעים עם צבע (צוק ליין)
915,685,מפתח קשירה T
915,686,"פטיש 2 ק""ג ידית פיבר"
915,687,צבת רביץ 200 G.N
915,688,רצועה 2 טון 6 מטר
915,689,מפרק 80 שחור
915,690,מכונת כיפוף ג'
915,691,את שפיכה דגם אמריקאי מתכת
915,692,משקפי מגן (אבק)
915,693,פטיש תפסן ידית עץ סטנאלי
915,694,"מערבל כנפיים גדול עם חיבור SDS אורך 70 קוטר 13 ס""מ 11X"
915,695,"שק טיח ממדים 770 25 ק""ג (כרמית)"
915,696,ארגז לערבוב טיט 1*1.5 (פלסטיק)
915,697,מפתח כיפוף 22 בודד
915,698,חב' שומרי מרחק (6-18) 25 DH 500 יח'
915,699,שואב אבק 80B תעשייתי יבש רטוב 3000W
915,700,כפפות סטרץ אפור/שחור
915,701,משור טפסן ידית גומי שארק
915,702,"סכין יפני ABS איכותי 18 מ""מ"
915,703,כבל דטה אייפון 5 TOIKO
915,704,בוקסי גריי 33/33
915,705,סט כלי עבודה TO279
915,706,משחזת זווית 4.5 נטענת WX800 20V
915,707,חב' שומר מרחק רב רגל NADAL-25 נדל (100יחידות במארז)
915,708,קלילה 50 * 3 מטר
915,709,קלילה 70 * 3 מטר
916,18146,"ק""ג תוספת לרשת רתיכה חוט חם"
916,90475,ריתוך רשת דקה לפי סעיף 17 בהצעה
916,90478,ריתוך רשת עבה לפי סעיף 18 בהצעה
916,91268,"ק""ג תוספת גלוון רשת"
916,91355,"ק""ג חיתוך רשת לפי סעיף 22 בהצעה"
916,91356,"ק""ג כיפוף רשת לפי סעיף 21 בהצעה"
916,91357,"ק""ג תוספת מסבכוני אומניה (חיתוך+כיפוף+ריתוך) סעיף 21"
916,91358,תוספת אורך מעל 6 מ' רשת מיוחדת
917,1007,"ק""ג תוספת לברזל ארוך מעל 16 מטר"
917,18441,"ק""ג כיפוף כלונסאות"
917,46235,תוספת גילוון לברזל - לא פעיל לעבור למקט 91266
917,7120,"ק""ג תוספת אלמנטים מרותכים (עמודים מורכבים) קטרים שונים"
917,91255,"ק""ג חיתוך"
917,91256,"ק""ג כיפוף"
917,91257,"ק""ג תוספת לברזל חלק"
917,91258,יח' כיפוף חישוק
917,91259,יח' כיפוף חישוק מיוחד
917,91260,יח' כיפוף ספסלים
917,91261,הוצאה מתוכנית
917,91262,"ק""ג תוספת לברזל חלק מעל 14 מ""מ"
917,91263,"ק""ג תוספת ברזל מצולע קוטר 28 ומעלה"
917,91266,"ק""ג תוספת גלוון ברזל"
917,91267,"ק""ג ספירלות"
917,91269,"ק""ג תוספת לחישוק מיוחד"
918,901211,"1 מטר צינור מבנים שחור ""2.5*3.25"
918,901212,"1 מטר צינור מבנים שחור ""2*3.25"
918,901213,פקק לצינורות
918,901214,מופות
